bytes_in,bytes_out,creation_time,end_time,src_ip,src_ip_country_code,protocol,response.code,dst_port,dst_ip,rule_names,observation_name,source.meta,source.name,time,detection_types,duration_seconds,avg_packet_size,anomaly
5602,12990,2024-04-25 23:00:00+00:00,2024-04-25 23:10:00+00:00,147.161.161.82,AE,HTTPS,200,443,10.138.69.97,Suspicious Web Traffic,Adversary Infrastructure Interaction,AWS_VPC_Flow,prod_webserver,2024-04-25 23:00:00+00:00,waf_rule,600.0,30.986666666666668,Normal
30912,18186,2024-04-25 23:00:00+00:00,2024-04-25 23:10:00+00:00,165.225.33.6,US,HTTPS,200,443,10.138.69.97,Suspicious Web Traffic,Adversary Infrastructure Interaction,AWS_VPC_Flow,prod_webserver,2024-04-25 23:00:00+00:00,waf_rule,600.0,81.83,Normal
28506,13468,2024-04-25 23:00:00+00:00,2024-04-25 23:10:00+00:00,165.225.212.255,CA,HTTPS,200,443,10.138.69.97,Suspicious Web Traffic,Adversary Infrastructure Interaction,AWS_VPC_Flow,prod_webserver,2024-04-25 23:00:00+00:00,waf_rule,600.0,69.95666666666666,Normal
30546,14278,2024-04-25 23:00:00+00:00,2024-04-25 23:10:00+00:00,136.226.64.114,US,HTTPS,200,443,10.138.69.97,Suspicious Web Traffic,Adversary Infrastructure Interaction,AWS_VPC_Flow,prod_webserver,2024-04-25 23:00:00+00:00,waf_rule,600.0,74.70666666666666,Normal
6526,13892,2024-04-25 23:00:00+00:00,2024-04-25 23:10:00+00:00,165.225.240.79,NL,HTTPS,200,443,10.138.69.97,Suspicious Web Traffic,Adversary Infrastructure Interaction,AWS_VPC_Flow,prod_webserver,2024-04-25 23:00:00+00:00,waf_rule,600.0,34.03,Normal
3906,3488,2024-04-25 23:00:00+00:00,2024-04-25 23:10:00+00:00,136.226.77.103,CA,HTTPS,200,443,10.138.69.97,Suspicious Web Traffic,Adversary Infrastructure Interaction,AWS_VPC_Flow,prod_webserver,2024-04-25 23:00:00+00:00,waf_rule,600.0,12.323333333333334,Normal
17748,29208,2024-04-25 23:00:00+00:00,2024-04-25 23:10:00+00:00,165.225.26.101,DE,HTTPS,200,443,10.138.69.97,Suspicious Web Traffic,Adversary Infrastructure Interaction,AWS_VPC_Flow,prod_webserver,2024-04-25 23:00:00+00:00,waf_rule,600.0,78.26,Normal
4767917,291520,2024-04-25 23:00:00+00:00,2024-04-25 23:10:00+00:00,155.91.45.242,US,HTTPS,200,443,10.138.69.97,Suspicious Web Traffic,Adversary Infrastructure Interaction,AWS_VPC_Flow,prod_webserver,2024-04-25 23:00:00+00:00,waf_rule,600.0,8432.395,Normal
10538,15514,2024-04-25 23:00:00+00:00,2024-04-25 23:10:00+00:00,165.225.209.4,CA,HTTPS,200,443,10.138.69.97,Suspicious Web Traffic,Adversary Infrastructure Interaction,AWS_VPC_Flow,prod_webserver,2024-04-25 23:00:00+00:00,waf_rule,600.0,43.42,Normal
9656,6380,2024-04-25 23:00:00+00:00,2024-04-25 23:10:00+00:00,147.161.131.1,AT,HTTPS,200,443,10.138.69.97,Suspicious Web Traffic,Adversary Infrastructure Interaction,AWS_VPC_Flow,prod_webserver,2024-04-25 23:00:00+00:00,waf_rule,600.0,26.726666666666667,Normal
57208,32874,2024-04-25 23:10:00+00:00,2024-04-25 23:20:00+00:00,165.225.33.6,US,HTTPS,200,443,10.138.69.97,Suspicious Web Traffic,Adversary Infrastructure Interaction,AWS_VPC_Flow,prod_webserver,2024-04-25 23:10:00+00:00,waf_rule,600.0,150.13666666666666,Normal
18162,30492,2024-04-25 23:10:00+00:00,2024-04-25 23:20:00+00:00,136.226.67.101,US,HTTPS,200,443,10.138.69.97,Suspicious Web Traffic,Adversary Infrastructure Interaction,AWS_VPC_Flow,prod_webserver,2024-04-25 23:10:00+00:00,waf_rule,600.0,81.09,Normal
28056,4832,2024-04-25 23:10:00+00:00,2024-04-25 23:20:00+00:00,165.225.212.255,CA,HTTPS,200,443,10.138.69.97,Suspicious Web Traffic,Adversary Infrastructure Interaction,AWS_VPC_Flow,prod_webserver,2024-04-25 23:10:00+00:00,waf_rule,600.0,54.81333333333333,Normal
73752,18924,2024-04-25 23:10:00+00:00,2024-04-25 23:20:00+00:00,136.226.64.114,US,HTTPS,200,443,10.138.69.97,Suspicious Web Traffic,Adversary Infrastructure Interaction,AWS_VPC_Flow,prod_webserver,2024-04-25 23:10:00+00:00,waf_rule,600.0,154.46,Normal
4080,11282,2024-04-25 23:10:00+00:00,2024-04-25 23:20:00+00:00,94.188.248.74,IL,HTTPS,200,443,10.138.69.97,Suspicious Web Traffic,Adversary Infrastructure Interaction,AWS_VPC_Flow,prod_webserver,2024-04-25 23:10:00+00:00,waf_rule,600.0,25.60333333333333,Normal
1968903,38773,2024-04-25 23:10:00+00:00,2024-04-25 23:20:00+00:00,165.225.240.79,NL,HTTPS,200,443,10.138.69.97,Suspicious Web Traffic,Adversary Infrastructure Interaction,AWS_VPC_Flow,prod_webserver,2024-04-25 23:10:00+00:00,waf_rule,600.0,3346.1266666666666,Normal
6958,12854,2024-04-25 23:10:00+00:00,2024-04-25 23:20:00+00:00,136.226.77.103,CA,HTTPS,200,443,10.138.69.97,Suspicious Web Traffic,Adversary Infrastructure Interaction,AWS_VPC_Flow,prod_webserver,2024-04-25 23:10:00+00:00,waf_rule,600.0,33.02,Normal
8310,6276,2024-04-25 23:10:00+00:00,2024-04-25 23:20:00+00:00,165.225.26.101,DE,HTTPS,200,443,10.138.69.97,Suspicious Web Traffic,Adversary Infrastructure Interaction,AWS_VPC_Flow,prod_webserver,2024-04-25 23:10:00+00:00,waf_rule,600.0,24.31,Normal
4804723,291088,2024-04-25 23:10:00+00:00,2024-04-25 23:20:00+00:00,155.91.45.242,US,HTTPS,200,443,10.138.69.97,Suspicious Web Traffic,Adversary Infrastructure Interaction,AWS_VPC_Flow,prod_webserver,2024-04-25 23:10:00+00:00,waf_rule,600.0,8493.018333333333,Normal
11820,24620,2024-04-25 23:10:00+00:00,2024-04-25 23:20:00+00:00,165.225.209.4,CA,HTTPS,200,443,10.138.69.97,Suspicious Web Traffic,Adversary Infrastructure Interaction,AWS_VPC_Flow,prod_webserver,2024-04-25 23:10:00+00:00,waf_rule,600.0,60.733333333333334,Normal
8206,6068,2024-04-25 23:10:00+00:00,2024-04-25 23:20:00+00:00,147.161.131.1,AT,HTTPS,200,443,10.138.69.97,Suspicious Web Traffic,Adversary Infrastructure Interaction,AWS_VPC_Flow,prod_webserver,2024-04-25 23:10:00+00:00,waf_rule,600.0,23.79,Normal
29356,17408,2024-04-25 23:20:00+00:00,2024-04-25 23:30:00+00:00,165.225.33.6,US,HTTPS,200,443,10.138.69.97,Suspicious Web Traffic,Adversary Infrastructure Interaction,AWS_VPC_Flow,prod_webserver,2024-04-25 23:20:00+00:00,waf_rule,600.0,77.94,Normal
26178,33801,2024-04-25 23:20:00+00:00,2024-04-25 23:30:00+00:00,136.226.67.101,US,HTTPS,200,443,10.138.69.97,Suspicious Web Traffic,Adversary Infrastructure Interaction,AWS_VPC_Flow,prod_webserver,2024-04-25 23:20:00+00:00,waf_rule,600.0,99.965,Normal
29308,15652,2024-04-25 23:20:00+00:00,2024-04-25 23:30:00+00:00,165.225.213.7,CA,HTTPS,200,443,10.138.69.97,Suspicious Web Traffic,Adversary Infrastructure Interaction,AWS_VPC_Flow,prod_webserver,2024-04-25 23:20:00+00:00,waf_rule,600.0,74.93333333333334,Normal
60068,12628,2024-04-25 23:20:00+00:00,2024-04-25 23:30:00+00:00,136.226.64.114,US,HTTPS,200,443,10.138.69.97,Suspicious Web Traffic,Adversary Infrastructure Interaction,AWS_VPC_Flow,prod_webserver,2024-04-25 23:20:00+00:00,waf_rule,600.0,121.16,Normal
4043,7629,2024-04-25 23:20:00+00:00,2024-04-25 23:30:00+00:00,165.225.240.79,NL,HTTPS,200,443,10.138.69.97,Suspicious Web Traffic,Adversary Infrastructure Interaction,AWS_VPC_Flow,prod_webserver,2024-04-25 23:20:00+00:00,waf_rule,600.0,19.453333333333333,Normal
3102,11038,2024-04-25 23:20:00+00:00,2024-04-25 23:30:00+00:00,165.225.8.79,US,HTTPS,200,443,10.138.69.97,Suspicious Web Traffic,Adversary Infrastructure Interaction,AWS_VPC_Flow,prod_webserver,2024-04-25 23:20:00+00:00,waf_rule,600.0,23.566666666666666,Normal
8310,6070,2024-04-25 23:20:00+00:00,2024-04-25 23:30:00+00:00,165.225.26.101,DE,HTTPS,200,443,10.138.69.97,Suspicious Web Traffic,Adversary Infrastructure Interaction,AWS_VPC_Flow,prod_webserver,2024-04-25 23:20:00+00:00,waf_rule,600.0,23.966666666666665,Normal
5528,12010,2024-04-25 23:20:00+00:00,2024-04-25 23:30:00+00:00,165.225.209.4,CA,HTTPS,200,443,10.138.69.97,Suspicious Web Traffic,Adversary Infrastructure Interaction,AWS_VPC_Flow,prod_webserver,2024-04-25 23:20:00+00:00,waf_rule,600.0,29.23,Normal
4926,11570,2024-04-25 23:20:00+00:00,2024-04-25 23:30:00+00:00,147.161.131.1,AT,HTTPS,200,443,10.138.69.97,Suspicious Web Traffic,Adversary Infrastructure Interaction,AWS_VPC_Flow,prod_webserver,2024-04-25 23:20:00+00:00,waf_rule,600.0,27.493333333333332,Normal
7724,6288,2024-04-25 23:20:00+00:00,2024-04-25 23:30:00+00:00,136.226.80.97,US,HTTPS,200,443,10.138.69.97,Suspicious Web Traffic,Adversary Infrastructure Interaction,AWS_VPC_Flow,prod_webserver,2024-04-25 23:20:00+00:00,waf_rule,600.0,23.35333333333333,Normal
80,528,2024-04-25 23:20:00+00:00,2024-04-25 23:30:00+00:00,192.241.230.19,US,HTTPS,200,443,10.138.69.97,Suspicious Web Traffic,Adversary Infrastructure Interaction,AWS_VPC_Flow,prod_webserver,2024-04-25 23:20:00+00:00,waf_rule,600.0,1.0133333333333334,Normal
23048,24124,2024-04-25 23:30:00+00:00,2024-04-25 23:40:00+00:00,136.226.67.101,US,HTTPS,200,443,10.138.69.97,Suspicious Web Traffic,Adversary Infrastructure Interaction,AWS_VPC_Flow,prod_webserver,2024-04-25 23:30:00+00:00,waf_rule,600.0,78.62,Normal
28444,13468,2024-04-25 23:30:00+00:00,2024-04-25 23:40:00+00:00,165.225.212.255,CA,HTTPS,200,443,10.138.69.97,Suspicious Web Traffic,Adversary Infrastructure Interaction,AWS_VPC_Flow,prod_webserver,2024-04-25 23:30:00+00:00,waf_rule,600.0,69.85333333333334,Normal
5824,11568,2024-04-25 23:30:00+00:00,2024-04-25 23:40:00+00:00,136.226.77.103,CA,HTTPS,200,443,10.138.69.97,Suspicious Web Traffic,Adversary Infrastructure Interaction,AWS_VPC_Flow,prod_webserver,2024-04-25 23:30:00+00:00,waf_rule,600.0,28.986666666666668,Normal
10474,23244,2024-04-25 23:30:00+00:00,2024-04-25 23:40:00+00:00,165.225.26.101,DE,HTTPS,200,443,10.138.69.97,Suspicious Web Traffic,Adversary Infrastructure Interaction,AWS_VPC_Flow,prod_webserver,2024-04-25 23:30:00+00:00,waf_rule,600.0,56.196666666666665,Normal
4190330,283456,2024-04-25 23:30:00+00:00,2024-04-25 23:40:00+00:00,155.91.45.242,US,HTTPS,200,443,10.138.69.97,Suspicious Web Traffic,Adversary Infrastructure Interaction,AWS_VPC_Flow,prod_webserver,2024-04-25 23:30:00+00:00,waf_rule,600.0,7456.31,Suspicious
5080,11512,2024-04-25 23:30:00+00:00,2024-04-25 23:40:00+00:00,165.225.209.4,CA,HTTPS,200,443,10.138.69.97,Suspicious Web Traffic,Adversary Infrastructure Interaction,AWS_VPC_Flow,prod_webserver,2024-04-25 23:30:00+00:00,waf_rule,600.0,27.653333333333332,Normal
4220,11672,2024-04-25 23:30:00+00:00,2024-04-25 23:40:00+00:00,136.226.80.97,US,HTTPS,200,443,10.138.69.97,Suspicious Web Traffic,Adversary Infrastructure Interaction,AWS_VPC_Flow,prod_webserver,2024-04-25 23:30:00+00:00,waf_rule,600.0,26.486666666666668,Normal
952,668,2024-04-25 23:30:00+00:00,2024-04-25 23:40:00+00:00,192.241.230.19,US,HTTPS,200,443,10.138.69.97,Suspicious Web Traffic,Adversary Infrastructure Interaction,AWS_VPC_Flow,prod_webserver,2024-04-25 23:30:00+00:00,waf_rule,600.0,2.7,Normal
36745,28952,2024-04-25 23:40:00+00:00,2024-04-25 23:50:00+00:00,165.225.33.6,US,HTTPS,200,443,10.138.69.97,Suspicious Web Traffic,Adversary Infrastructure Interaction,AWS_VPC_Flow,prod_webserver,2024-04-25 23:40:00+00:00,waf_rule,600.0,109.495,Normal
12068,25589,2024-04-25 23:40:00+00:00,2024-04-25 23:50:00+00:00,136.226.67.101,US,HTTPS,200,443,10.138.69.97,Suspicious Web Traffic,Adversary Infrastructure Interaction,AWS_VPC_Flow,prod_webserver,2024-04-25 23:40:00+00:00,waf_rule,600.0,62.76166666666666,Normal
57462,20222,2024-04-25 23:40:00+00:00,2024-04-25 23:50:00+00:00,165.225.212.255,CA,HTTPS,200,443,10.138.69.97,Suspicious Web Traffic,Adversary Infrastructure Interaction,AWS_VPC_Flow,prod_webserver,2024-04-25 23:40:00+00:00,waf_rule,600.0,129.47333333333333,Normal
2015975,79990,2024-04-25 23:40:00+00:00,2024-04-25 23:50:00+00:00,165.225.240.79,NL,HTTPS,200,443,10.138.69.97,Suspicious Web Traffic,Adversary Infrastructure Interaction,AWS_VPC_Flow,prod_webserver,2024-04-25 23:40:00+00:00,waf_rule,600.0,3493.275,Normal
4064,11384,2024-04-25 23:40:00+00:00,2024-04-25 23:50:00+00:00,94.188.248.74,IL,HTTPS,200,443,10.138.69.97,Suspicious Web Traffic,Adversary Infrastructure Interaction,AWS_VPC_Flow,prod_webserver,2024-04-25 23:40:00+00:00,waf_rule,600.0,25.746666666666666,Normal
33268,9986,2024-04-25 23:40:00+00:00,2024-04-25 23:50:00+00:00,136.226.77.103,CA,HTTPS,200,443,10.138.69.97,Suspicious Web Traffic,Adversary Infrastructure Interaction,AWS_VPC_Flow,prod_webserver,2024-04-25 23:40:00+00:00,waf_rule,600.0,72.09,Normal
7424,14656,2024-04-25 23:40:00+00:00,2024-04-25 23:50:00+00:00,165.225.26.101,DE,HTTPS,200,443,10.138.69.97,Suspicious Web Traffic,Adversary Infrastructure Interaction,AWS_VPC_Flow,prod_webserver,2024-04-25 23:40:00+00:00,waf_rule,600.0,36.8,Normal
4758826,289956,2024-04-25 23:40:00+00:00,2024-04-25 23:50:00+00:00,155.91.45.242,US,HTTPS,200,443,10.138.69.97,Suspicious Web Traffic,Adversary Infrastructure Interaction,AWS_VPC_Flow,prod_webserver,2024-04-25 23:40:00+00:00,waf_rule,600.0,8414.636666666667,Normal
17736,36370,2024-04-25 23:40:00+00:00,2024-04-25 23:50:00+00:00,165.225.209.4,CA,HTTPS,200,443,10.138.69.97,Suspicious Web Traffic,Adversary Infrastructure Interaction,AWS_VPC_Flow,prod_webserver,2024-04-25 23:40:00+00:00,waf_rule,600.0,90.17666666666666,Normal
60686,35910,2024-04-25 23:50:00+00:00,2024-04-26 00:00:00+00:00,165.225.33.6,US,HTTPS,200,443,10.138.69.97,Suspicious Web Traffic,Adversary Infrastructure Interaction,AWS_VPC_Flow,prod_webserver,2024-04-25 23:50:00+00:00,waf_rule,600.0,160.99333333333334,Normal
21698,21218,2024-04-25 23:50:00+00:00,2024-04-26 00:00:00+00:00,136.226.67.101,US,HTTPS,200,443,10.138.69.97,Suspicious Web Traffic,Adversary Infrastructure Interaction,AWS_VPC_Flow,prod_webserver,2024-04-25 23:50:00+00:00,waf_rule,600.0,71.52666666666667,Normal
28296,7230,2024-04-25 23:50:00+00:00,2024-04-26 00:00:00+00:00,165.225.213.7,CA,HTTPS,200,443,10.138.69.97,Suspicious Web Traffic,Adversary Infrastructure Interaction,AWS_VPC_Flow,prod_webserver,2024-04-25 23:50:00+00:00,waf_rule,600.0,59.21,Normal
4721,8322,2024-04-25 23:50:00+00:00,2024-04-26 00:00:00+00:00,165.225.240.79,NL,HTTPS,200,443,10.138.69.97,Suspicious Web Traffic,Adversary Infrastructure Interaction,AWS_VPC_Flow,prod_webserver,2024-04-25 23:50:00+00:00,waf_rule,600.0,21.738333333333333,Normal
9968,6646,2024-04-25 23:50:00+00:00,2024-04-26 00:00:00+00:00,165.225.26.101,DE,HTTPS,200,443,10.138.69.97,Suspicious Web Traffic,Adversary Infrastructure Interaction,AWS_VPC_Flow,prod_webserver,2024-04-25 23:50:00+00:00,waf_rule,600.0,27.69,Normal
4791678,291275,2024-04-25 23:50:00+00:00,2024-04-26 00:00:00+00:00,155.91.45.242,US,HTTPS,200,443,10.138.69.97,Suspicious Web Traffic,Adversary Infrastructure Interaction,AWS_VPC_Flow,prod_webserver,2024-04-25 23:50:00+00:00,waf_rule,600.0,8471.588333333333,Normal
10768,7248,2024-04-25 23:50:00+00:00,2024-04-26 00:00:00+00:00,165.225.209.4,CA,HTTPS,200,443,10.138.69.97,Suspicious Web Traffic,Adversary Infrastructure Interaction,AWS_VPC_Flow,prod_webserver,2024-04-25 23:50:00+00:00,waf_rule,600.0,30.026666666666667,Normal
3996,11776,2024-04-25 23:50:00+00:00,2024-04-26 00:00:00+00:00,147.161.131.1,AT,HTTPS,200,443,10.138.69.97,Suspicious Web Traffic,Adversary Infrastructure Interaction,AWS_VPC_Flow,prod_webserver,2024-04-25 23:50:00+00:00,waf_rule,600.0,26.286666666666665,Normal
4220,11570,2024-04-25 23:50:00+00:00,2024-04-26 00:00:00+00:00,136.226.80.97,US,HTTPS,200,443,10.138.69.97,Suspicious Web Traffic,Adversary Infrastructure Interaction,AWS_VPC_Flow,prod_webserver,2024-04-25 23:50:00+00:00,waf_rule,600.0,26.316666666666666,Normal
26354,13404,2024-04-26 00:00:00+00:00,2024-04-26 00:10:00+00:00,147.161.161.82,AE,HTTPS,200,443,10.138.69.97,Suspicious Web Traffic,Adversary Infrastructure Interaction,AWS_VPC_Flow,prod_webserver,2024-04-26 00:00:00+00:00,waf_rule,600.0,66.26333333333334,Normal
33777,20132,2024-04-26 00:00:00+00:00,2024-04-26 00:10:00+00:00,165.225.33.6,US,HTTPS,200,443,10.138.69.97,Suspicious Web Traffic,Adversary Infrastructure Interaction,AWS_VPC_Flow,prod_webserver,2024-04-26 00:00:00+00:00,waf_rule,600.0,89.84833333333333,Normal
28762,43272,2024-04-26 00:00:00+00:00,2024-04-26 00:10:00+00:00,136.226.67.101,US,HTTPS,200,443,10.138.69.97,Suspicious Web Traffic,Adversary Infrastructure Interaction,AWS_VPC_Flow,prod_webserver,2024-04-26 00:00:00+00:00,waf_rule,600.0,120.05666666666667,Normal
28478,13260,2024-04-26 00:00:00+00:00,2024-04-26 00:10:00+00:00,165.225.212.255,CA,HTTPS,200,443,10.138.69.97,Suspicious Web Traffic,Adversary Infrastructure Interaction,AWS_VPC_Flow,prod_webserver,2024-04-26 00:00:00+00:00,waf_rule,600.0,69.56333333333333,Normal
4288,11490,2024-04-26 00:00:00+00:00,2024-04-26 00:10:00+00:00,94.188.248.74,IL,HTTPS,200,443,10.138.69.97,Suspicious Web Traffic,Adversary Infrastructure Interaction,AWS_VPC_Flow,prod_webserver,2024-04-26 00:00:00+00:00,waf_rule,600.0,26.296666666666667,Normal
8874,14968,2024-04-26 00:00:00+00:00,2024-04-26 00:10:00+00:00,165.225.26.101,DE,HTTPS,200,443,10.138.69.97,Suspicious Web Traffic,Adversary Infrastructure Interaction,AWS_VPC_Flow,prod_webserver,2024-04-26 00:00:00+00:00,waf_rule,600.0,39.736666666666665,Normal
4793434,292176,2024-04-26 00:00:00+00:00,2024-04-26 00:10:00+00:00,155.91.45.242,US,HTTPS,200,443,10.138.69.97,Suspicious Web Traffic,Adversary Infrastructure Interaction,AWS_VPC_Flow,prod_webserver,2024-04-26 00:00:00+00:00,waf_rule,600.0,8476.016666666666,Normal
16948,20348,2024-04-26 00:00:00+00:00,2024-04-26 00:10:00+00:00,165.225.209.4,CA,HTTPS,200,443,10.138.69.97,Suspicious Web Traffic,Adversary Infrastructure Interaction,AWS_VPC_Flow,prod_webserver,2024-04-26 00:00:00+00:00,waf_rule,600.0,62.16,Normal
5810,13090,2024-04-26 00:10:00+00:00,2024-04-26 00:20:00+00:00,147.161.161.82,AE,HTTPS,200,443,10.138.69.97,Suspicious Web Traffic,Adversary Infrastructure Interaction,AWS_VPC_Flow,prod_webserver,2024-04-26 00:10:00+00:00,waf_rule,600.0,31.5,Normal
28730,28386,2024-04-26 00:10:00+00:00,2024-04-26 00:20:00+00:00,136.226.67.101,US,HTTPS,200,443,10.138.69.97,Suspicious Web Traffic,Adversary Infrastructure Interaction,AWS_VPC_Flow,prod_webserver,2024-04-26 00:10:00+00:00,waf_rule,600.0,95.19333333333333,Normal
29002,15654,2024-04-26 00:10:00+00:00,2024-04-26 00:20:00+00:00,165.225.213.7,CA,HTTPS,200,443,10.138.69.97,Suspicious Web Traffic,Adversary Infrastructure Interaction,AWS_VPC_Flow,prod_webserver,2024-04-26 00:10:00+00:00,waf_rule,600.0,74.42666666666666,Normal
44270,21924,2024-04-26 00:10:00+00:00,2024-04-26 00:20:00+00:00,136.226.64.114,US,HTTPS,200,443,10.138.69.97,Suspicious Web Traffic,Adversary Infrastructure Interaction,AWS_VPC_Flow,prod_webserver,2024-04-26 00:10:00+00:00,waf_rule,600.0,110.32333333333334,Normal
2019990,55292,2024-04-26 00:10:00+00:00,2024-04-26 00:20:00+00:00,165.225.240.79,NL,HTTPS,200,443,10.138.69.97,Suspicious Web Traffic,Adversary Infrastructure Interaction,AWS_VPC_Flow,prod_webserver,2024-04-26 00:10:00+00:00,waf_rule,600.0,3458.8033333333333,Normal
3498,2800,2024-04-26 00:10:00+00:00,2024-04-26 00:20:00+00:00,94.188.248.74,IL,HTTPS,200,443,10.138.69.97,Suspicious Web Traffic,Adversary Infrastructure Interaction,AWS_VPC_Flow,prod_webserver,2024-04-26 00:10:00+00:00,waf_rule,600.0,10.496666666666666,Normal
16698,26610,2024-04-26 00:10:00+00:00,2024-04-26 00:20:00+00:00,165.225.26.101,DE,HTTPS,200,443,10.138.69.97,Suspicious Web Traffic,Adversary Infrastructure Interaction,AWS_VPC_Flow,prod_webserver,2024-04-26 00:10:00+00:00,waf_rule,600.0,72.18,Normal
4794053,290955,2024-04-26 00:10:00+00:00,2024-04-26 00:20:00+00:00,155.91.45.242,US,HTTPS,200,443,10.138.69.97,Suspicious Web Traffic,Adversary Infrastructure Interaction,AWS_VPC_Flow,prod_webserver,2024-04-26 00:10:00+00:00,waf_rule,600.0,8475.013333333334,Normal
6606,12794,2024-04-26 00:10:00+00:00,2024-04-26 00:20:00+00:00,165.225.209.4,CA,HTTPS,200,443,10.138.69.97,Suspicious Web Traffic,Adversary Infrastructure Interaction,AWS_VPC_Flow,prod_webserver,2024-04-26 00:10:00+00:00,waf_rule,600.0,32.333333333333336,Normal
9910,14760,2024-04-26 00:10:00+00:00,2024-04-26 00:20:00+00:00,147.161.131.1,AT,HTTPS,200,443,10.138.69.97,Suspicious Web Traffic,Adversary Infrastructure Interaction,AWS_VPC_Flow,prod_webserver,2024-04-26 00:10:00+00:00,waf_rule,600.0,41.11666666666667,Normal
26250,13404,2024-04-26 00:20:00+00:00,2024-04-26 00:30:00+00:00,147.161.161.82,AE,HTTPS,200,443,10.138.69.97,Suspicious Web Traffic,Adversary Infrastructure Interaction,AWS_VPC_Flow,prod_webserver,2024-04-26 00:20:00+00:00,waf_rule,600.0,66.09,Normal
21448,32494,2024-04-26 00:20:00+00:00,2024-04-26 00:30:00+00:00,136.226.67.101,US,HTTPS,200,443,10.138.69.97,Suspicious Web Traffic,Adversary Infrastructure Interaction,AWS_VPC_Flow,prod_webserver,2024-04-26 00:20:00+00:00,waf_rule,600.0,89.90333333333334,Normal
28524,13364,2024-04-26 00:20:00+00:00,2024-04-26 00:30:00+00:00,165.225.212.255,CA,HTTPS,200,443,10.138.69.97,Suspicious Web Traffic,Adversary Infrastructure Interaction,AWS_VPC_Flow,prod_webserver,2024-04-26 00:20:00+00:00,waf_rule,600.0,69.81333333333333,Normal
9600,22230,2024-04-26 00:20:00+00:00,2024-04-26 00:30:00+00:00,165.225.240.79,NL,HTTPS,200,443,10.138.69.97,Suspicious Web Traffic,Adversary Infrastructure Interaction,AWS_VPC_Flow,prod_webserver,2024-04-26 00:20:00+00:00,waf_rule,600.0,53.05,Normal
7786,14138,2024-04-26 00:20:00+00:00,2024-04-26 00:30:00+00:00,94.188.248.74,IL,HTTPS,200,443,10.138.69.97,Suspicious Web Traffic,Adversary Infrastructure Interaction,AWS_VPC_Flow,prod_webserver,2024-04-26 00:20:00+00:00,waf_rule,600.0,36.54,Normal
33662,9572,2024-04-26 00:20:00+00:00,2024-04-26 00:30:00+00:00,136.226.77.103,CA,HTTPS,200,443,10.138.69.97,Suspicious Web Traffic,Adversary Infrastructure Interaction,AWS_VPC_Flow,prod_webserver,2024-04-26 00:20:00+00:00,waf_rule,600.0,72.05666666666667,Normal
6480,11794,2024-04-26 00:20:00+00:00,2024-04-26 00:30:00+00:00,165.225.26.101,DE,HTTPS,200,443,10.138.69.97,Suspicious Web Traffic,Adversary Infrastructure Interaction,AWS_VPC_Flow,prod_webserver,2024-04-26 00:20:00+00:00,waf_rule,600.0,30.456666666666667,Normal
16698,19255,2024-04-26 00:20:00+00:00,2024-04-26 00:30:00+00:00,165.225.209.4,CA,HTTPS,200,443,10.138.69.97,Suspicious Web Traffic,Adversary Infrastructure Interaction,AWS_VPC_Flow,prod_webserver,2024-04-26 00:20:00+00:00,waf_rule,600.0,59.92166666666667,Normal
4018,3144,2024-04-26 00:30:00+00:00,2024-04-26 00:40:00+00:00,147.161.161.82,AE,HTTPS,200,443,10.138.69.97,Suspicious Web Traffic,Adversary Infrastructure Interaction,AWS_VPC_Flow,prod_webserver,2024-04-26 00:30:00+00:00,waf_rule,600.0,11.936666666666667,Normal
38560,34470,2024-04-26 00:30:00+00:00,2024-04-26 00:40:00+00:00,136.226.67.101,US,HTTPS,200,443,10.138.69.97,Suspicious Web Traffic,Adversary Infrastructure Interaction,AWS_VPC_Flow,prod_webserver,2024-04-26 00:30:00+00:00,waf_rule,600.0,121.71666666666667,Normal
57088,12210,2024-04-26 00:30:00+00:00,2024-04-26 00:40:00+00:00,165.225.212.255,CA,HTTPS,200,443,10.138.69.97,Suspicious Web Traffic,Adversary Infrastructure Interaction,AWS_VPC_Flow,prod_webserver,2024-04-26 00:30:00+00:00,waf_rule,600.0,115.49666666666667,Normal
1215594,64362,2024-04-26 00:30:00+00:00,2024-04-26 00:40:00+00:00,165.225.240.79,NL,HTTPS,200,443,10.138.69.97,Suspicious Web Traffic,Adversary Infrastructure Interaction,AWS_VPC_Flow,prod_webserver,2024-04-26 00:30:00+00:00,waf_rule,600.0,2133.26,Suspicious
3514,2648,2024-04-26 00:30:00+00:00,2024-04-26 00:40:00+00:00,94.188.248.74,IL,HTTPS,200,443,10.138.69.97,Suspicious Web Traffic,Adversary Infrastructure Interaction,AWS_VPC_Flow,prod_webserver,2024-04-26 00:30:00+00:00,waf_rule,600.0,10.27,Normal
13338,17636,2024-04-26 00:30:00+00:00,2024-04-26 00:40:00+00:00,165.225.26.101,DE,HTTPS,200,443,10.138.69.97,Suspicious Web Traffic,Adversary Infrastructure Interaction,AWS_VPC_Flow,prod_webserver,2024-04-26 00:30:00+00:00,waf_rule,600.0,51.623333333333335,Normal
4803684,294875,2024-04-26 00:30:00+00:00,2024-04-26 00:40:00+00:00,155.91.45.242,US,HTTPS,200,443,10.138.69.97,Suspicious Web Traffic,Adversary Infrastructure Interaction,AWS_VPC_Flow,prod_webserver,2024-04-26 00:30:00+00:00,waf_rule,600.0,8497.598333333333,Normal
13132,18249,2024-04-26 00:30:00+00:00,2024-04-26 00:40:00+00:00,165.225.209.4,CA,HTTPS,200,443,10.138.69.97,Suspicious Web Traffic,Adversary Infrastructure Interaction,AWS_VPC_Flow,prod_webserver,2024-04-26 00:30:00+00:00,waf_rule,600.0,52.30166666666667,Normal
5238,11674,2024-04-26 00:30:00+00:00,2024-04-26 00:40:00+00:00,147.161.131.1,AT,HTTPS,200,443,10.138.69.97,Suspicious Web Traffic,Adversary Infrastructure Interaction,AWS_VPC_Flow,prod_webserver,2024-04-26 00:30:00+00:00,waf_rule,600.0,28.186666666666667,Normal
9052,5162,2024-04-26 00:40:00+00:00,2024-04-26 00:50:00+00:00,165.225.33.6,US,HTTPS,200,443,10.138.69.97,Suspicious Web Traffic,Adversary Infrastructure Interaction,AWS_VPC_Flow,prod_webserver,2024-04-26 00:40:00+00:00,waf_rule,600.0,23.69,Normal
31076,39744,2024-04-26 00:40:00+00:00,2024-04-26 00:50:00+00:00,136.226.67.101,US,HTTPS,200,443,10.138.69.97,Suspicious Web Traffic,Adversary Infrastructure Interaction,AWS_VPC_Flow,prod_webserver,2024-04-26 00:40:00+00:00,waf_rule,600.0,118.03333333333333,Normal
28518,13366,2024-04-26 00:40:00+00:00,2024-04-26 00:50:00+00:00,165.225.212.255,CA,HTTPS,200,443,10.138.69.97,Suspicious Web Traffic,Adversary Infrastructure Interaction,AWS_VPC_Flow,prod_webserver,2024-04-26 00:40:00+00:00,waf_rule,600.0,69.80666666666667,Normal
43660,12924,2024-04-26 00:40:00+00:00,2024-04-26 00:50:00+00:00,136.226.64.114,US,HTTPS,200,443,10.138.69.97,Suspicious Web Traffic,Adversary Infrastructure Interaction,AWS_VPC_Flow,prod_webserver,2024-04-26 00:40:00+00:00,waf_rule,600.0,94.30666666666667,Normal
26820,45260,2024-04-26 00:40:00+00:00,2024-04-26 00:50:00+00:00,165.225.240.79,NL,HTTPS,200,443,10.138.69.97,Suspicious Web Traffic,Adversary Infrastructure Interaction,AWS_VPC_Flow,prod_webserver,2024-04-26 00:40:00+00:00,waf_rule,600.0,120.13333333333334,Normal
3206,11038,2024-04-26 00:40:00+00:00,2024-04-26 00:50:00+00:00,165.225.8.79,US,HTTPS,200,443,10.138.69.97,Suspicious Web Traffic,Adversary Infrastructure Interaction,AWS_VPC_Flow,prod_webserver,2024-04-26 00:40:00+00:00,waf_rule,600.0,23.74,Normal
35894,10094,2024-04-26 00:40:00+00:00,2024-04-26 00:50:00+00:00,136.226.77.103,CA,HTTPS,200,443,10.138.69.97,Suspicious Web Traffic,Adversary Infrastructure Interaction,AWS_VPC_Flow,prod_webserver,2024-04-26 00:40:00+00:00,waf_rule,600.0,76.64666666666666,Normal
9132,5756,2024-04-26 00:40:00+00:00,2024-04-26 00:50:00+00:00,165.225.26.101,DE,HTTPS,200,443,10.138.69.97,Suspicious Web Traffic,Adversary Infrastructure Interaction,AWS_VPC_Flow,prod_webserver,2024-04-26 00:40:00+00:00,waf_rule,600.0,24.813333333333333,Normal
4801644,292969,2024-04-26 00:40:00+00:00,2024-04-26 00:50:00+00:00,155.91.45.242,US,HTTPS,200,443,10.138.69.97,Suspicious Web Traffic,Adversary Infrastructure Interaction,AWS_VPC_Flow,prod_webserver,2024-04-26 00:40:00+00:00,waf_rule,600.0,8491.021666666667,Normal
22790,40397,2024-04-26 00:40:00+00:00,2024-04-26 00:50:00+00:00,165.225.209.4,CA,HTTPS,200,443,10.138.69.97,Suspicious Web Traffic,Adversary Infrastructure Interaction,AWS_VPC_Flow,prod_webserver,2024-04-26 00:40:00+00:00,waf_rule,600.0,105.31166666666667,Normal
29040,16476,2024-04-26 00:50:00+00:00,2024-04-26 01:00:00+00:00,165.225.33.6,US,HTTPS,200,443,10.138.69.97,Suspicious Web Traffic,Adversary Infrastructure Interaction,AWS_VPC_Flow,prod_webserver,2024-04-26 00:50:00+00:00,waf_rule,600.0,75.86,Normal
27938,4626,2024-04-26 00:50:00+00:00,2024-04-26 01:00:00+00:00,165.225.212.255,CA,HTTPS,200,443,10.138.69.97,Suspicious Web Traffic,Adversary Infrastructure Interaction,AWS_VPC_Flow,prod_webserver,2024-04-26 00:50:00+00:00,waf_rule,600.0,54.27333333333333,Normal
34660,10044,2024-04-26 00:50:00+00:00,2024-04-26 01:00:00+00:00,136.226.77.103,CA,HTTPS,200,443,10.138.69.97,Suspicious Web Traffic,Adversary Infrastructure Interaction,AWS_VPC_Flow,prod_webserver,2024-04-26 00:50:00+00:00,waf_rule,600.0,74.50666666666666,Normal
5238,11776,2024-04-26 00:50:00+00:00,2024-04-26 01:00:00+00:00,165.225.26.101,DE,HTTPS,200,443,10.138.69.97,Suspicious Web Traffic,Adversary Infrastructure Interaction,AWS_VPC_Flow,prod_webserver,2024-04-26 00:50:00+00:00,waf_rule,600.0,28.356666666666666,Normal
4809606,290761,2024-04-26 00:50:00+00:00,2024-04-26 01:00:00+00:00,155.91.45.242,US,HTTPS,200,443,10.138.69.97,Suspicious Web Traffic,Adversary Infrastructure Interaction,AWS_VPC_Flow,prod_webserver,2024-04-26 00:50:00+00:00,waf_rule,600.0,8500.611666666666,Normal
6742,13419,2024-04-26 00:50:00+00:00,2024-04-26 01:00:00+00:00,165.225.209.4,CA,HTTPS,200,443,10.138.69.97,Suspicious Web Traffic,Adversary Infrastructure Interaction,AWS_VPC_Flow,prod_webserver,2024-04-26 00:50:00+00:00,waf_rule,600.0,33.60166666666667,Normal
4138,3144,2024-04-26 01:00:00+00:00,2024-04-26 01:10:00+00:00,147.161.161.82,AE,HTTPS,200,443,10.138.69.97,Suspicious Web Traffic,Adversary Infrastructure Interaction,AWS_VPC_Flow,prod_webserver,2024-04-26 01:00:00+00:00,waf_rule,600.0,12.136666666666667,Normal
10262,16182,2024-04-26 01:00:00+00:00,2024-04-26 01:10:00+00:00,136.226.67.101,US,HTTPS,200,443,10.138.69.97,Suspicious Web Traffic,Adversary Infrastructure Interaction,AWS_VPC_Flow,prod_webserver,2024-04-26 01:00:00+00:00,waf_rule,600.0,44.07333333333333,Normal
28048,4730,2024-04-26 01:00:00+00:00,2024-04-26 01:10:00+00:00,165.225.212.255,CA,HTTPS,200,443,10.138.69.97,Suspicious Web Traffic,Adversary Infrastructure Interaction,AWS_VPC_Flow,prod_webserver,2024-04-26 01:00:00+00:00,waf_rule,600.0,54.63,Normal
4064,11386,2024-04-26 01:00:00+00:00,2024-04-26 01:10:00+00:00,94.188.248.74,IL,HTTPS,200,443,10.138.69.97,Suspicious Web Traffic,Adversary Infrastructure Interaction,AWS_VPC_Flow,prod_webserver,2024-04-26 01:00:00+00:00,waf_rule,600.0,25.75,Normal
47774,23406,2024-04-26 01:00:00+00:00,2024-04-26 01:10:00+00:00,136.226.77.103,CA,HTTPS,200,443,10.138.69.97,Suspicious Web Traffic,Adversary Infrastructure Interaction,AWS_VPC_Flow,prod_webserver,2024-04-26 01:00:00+00:00,waf_rule,600.0,118.63333333333334,Normal
3326,11038,2024-04-26 01:00:00+00:00,2024-04-26 01:10:00+00:00,165.225.8.79,US,HTTPS,200,443,10.138.69.97,Suspicious Web Traffic,Adversary Infrastructure Interaction,AWS_VPC_Flow,prod_webserver,2024-04-26 01:00:00+00:00,waf_rule,600.0,23.94,Normal
9336,23450,2024-04-26 01:00:00+00:00,2024-04-26 01:10:00+00:00,165.225.26.101,DE,HTTPS,200,443,10.138.69.97,Suspicious Web Traffic,Adversary Infrastructure Interaction,AWS_VPC_Flow,prod_webserver,2024-04-26 01:00:00+00:00,waf_rule,600.0,54.64333333333333,Normal
4827283,306181,2024-04-26 01:00:00+00:00,2024-04-26 01:10:00+00:00,155.91.45.242,US,HTTPS,200,443,10.138.69.97,Suspicious Web Traffic,Adversary Infrastructure Interaction,AWS_VPC_Flow,prod_webserver,2024-04-26 01:00:00+00:00,waf_rule,600.0,8555.773333333333,Suspicious
10830,23370,2024-04-26 01:00:00+00:00,2024-04-26 01:10:00+00:00,165.225.209.4,CA,HTTPS,200,443,10.138.69.97,Suspicious Web Traffic,Adversary Infrastructure Interaction,AWS_VPC_Flow,prod_webserver,2024-04-26 01:00:00+00:00,waf_rule,600.0,57.0,Normal
9806,14344,2024-04-26 01:00:00+00:00,2024-04-26 01:10:00+00:00,147.161.131.1,AT,HTTPS,200,443,10.138.69.97,Suspicious Web Traffic,Adversary Infrastructure Interaction,AWS_VPC_Flow,prod_webserver,2024-04-26 01:00:00+00:00,waf_rule,600.0,40.25,Normal
16062,27514,2024-04-26 01:10:00+00:00,2024-04-26 01:20:00+00:00,136.226.67.101,US,HTTPS,200,443,10.138.69.97,Suspicious Web Traffic,Adversary Infrastructure Interaction,AWS_VPC_Flow,prod_webserver,2024-04-26 01:10:00+00:00,waf_rule,600.0,72.62666666666667,Normal
29010,15550,2024-04-26 01:10:00+00:00,2024-04-26 01:20:00+00:00,165.225.213.7,CA,HTTPS,200,443,10.138.69.97,Suspicious Web Traffic,Adversary Infrastructure Interaction,AWS_VPC_Flow,prod_webserver,2024-04-26 01:10:00+00:00,waf_rule,600.0,74.26666666666667,Normal
3722,2694,2024-04-26 01:10:00+00:00,2024-04-26 01:20:00+00:00,94.188.248.74,IL,HTTPS,200,443,10.138.69.97,Suspicious Web Traffic,Adversary Infrastructure Interaction,AWS_VPC_Flow,prod_webserver,2024-04-26 01:10:00+00:00,waf_rule,600.0,10.693333333333333,Normal
7182,12958,2024-04-26 01:10:00+00:00,2024-04-26 01:20:00+00:00,136.226.77.103,CA,HTTPS,200,443,10.138.69.97,Suspicious Web Traffic,Adversary Infrastructure Interaction,AWS_VPC_Flow,prod_webserver,2024-04-26 01:10:00+00:00,waf_rule,600.0,33.56666666666667,Normal
3102,11142,2024-04-26 01:10:00+00:00,2024-04-26 01:20:00+00:00,165.225.8.79,US,HTTPS,200,443,10.138.69.97,Suspicious Web Traffic,Adversary Infrastructure Interaction,AWS_VPC_Flow,prod_webserver,2024-04-26 01:10:00+00:00,waf_rule,600.0,23.74,Normal
10012,14968,2024-04-26 01:10:00+00:00,2024-04-26 01:20:00+00:00,165.225.26.101,DE,HTTPS,200,443,10.138.69.97,Suspicious Web Traffic,Adversary Infrastructure Interaction,AWS_VPC_Flow,prod_webserver,2024-04-26 01:10:00+00:00,waf_rule,600.0,41.63333333333333,Normal
4776536,289969,2024-04-26 01:10:00+00:00,2024-04-26 01:20:00+00:00,155.91.45.242,US,HTTPS,200,443,10.138.69.97,Suspicious Web Traffic,Adversary Infrastructure Interaction,AWS_VPC_Flow,prod_webserver,2024-04-26 01:10:00+00:00,waf_rule,600.0,8444.175,Normal
528,858,2024-04-26 01:10:00+00:00,2024-04-26 01:20:00+00:00,165.225.209.4,CA,HTTPS,200,443,10.138.69.97,Suspicious Web Traffic,Adversary Infrastructure Interaction,AWS_VPC_Flow,prod_webserver,2024-04-26 01:10:00+00:00,waf_rule,600.0,2.31,Normal
6376,11690,2024-04-26 01:10:00+00:00,2024-04-26 01:20:00+00:00,147.161.131.1,AT,HTTPS,200,443,10.138.69.97,Suspicious Web Traffic,Adversary Infrastructure Interaction,AWS_VPC_Flow,prod_webserver,2024-04-26 01:10:00+00:00,waf_rule,600.0,30.11,Normal
9620,16178,2024-04-26 01:20:00+00:00,2024-04-26 01:30:00+00:00,147.161.161.82,AE,HTTPS,200,443,10.138.69.97,Suspicious Web Traffic,Adversary Infrastructure Interaction,AWS_VPC_Flow,prod_webserver,2024-04-26 01:20:00+00:00,waf_rule,600.0,42.99666666666667,Normal
24442,25574,2024-04-26 01:20:00+00:00,2024-04-26 01:30:00+00:00,136.226.67.101,US,HTTPS,200,443,10.138.69.97,Suspicious Web Traffic,Adversary Infrastructure Interaction,AWS_VPC_Flow,prod_webserver,2024-04-26 01:20:00+00:00,waf_rule,600.0,83.36,Normal
29586,15754,2024-04-26 01:20:00+00:00,2024-04-26 01:30:00+00:00,165.225.212.255,CA,HTTPS,200,443,10.138.69.97,Suspicious Web Traffic,Adversary Infrastructure Interaction,AWS_VPC_Flow,prod_webserver,2024-04-26 01:20:00+00:00,waf_rule,600.0,75.56666666666666,Normal
30178,14280,2024-04-26 01:20:00+00:00,2024-04-26 01:30:00+00:00,136.226.64.114,US,HTTPS,200,443,10.138.69.97,Suspicious Web Traffic,Adversary Infrastructure Interaction,AWS_VPC_Flow,prod_webserver,2024-04-26 01:20:00+00:00,waf_rule,600.0,74.09666666666666,Normal
1889834,34306,2024-04-26 01:20:00+00:00,2024-04-26 01:30:00+00:00,165.225.240.79,NL,HTTPS,200,443,10.138.69.97,Suspicious Web Traffic,Adversary Infrastructure Interaction,AWS_VPC_Flow,prod_webserver,2024-04-26 01:20:00+00:00,waf_rule,600.0,3206.9,Suspicious
5154,2878,2024-04-26 01:20:00+00:00,2024-04-26 01:30:00+00:00,136.226.77.103,CA,HTTPS,200,443,10.138.69.97,Suspicious Web Traffic,Adversary Infrastructure Interaction,AWS_VPC_Flow,prod_webserver,2024-04-26 01:20:00+00:00,waf_rule,600.0,13.386666666666667,Normal
12764,26284,2024-04-26 01:20:00+00:00,2024-04-26 01:30:00+00:00,165.225.26.101,DE,HTTPS,200,443,10.138.69.97,Suspicious Web Traffic,Adversary Infrastructure Interaction,AWS_VPC_Flow,prod_webserver,2024-04-26 01:20:00+00:00,waf_rule,600.0,65.08,Normal
4788904,294113,2024-04-26 01:20:00+00:00,2024-04-26 01:30:00+00:00,155.91.45.242,US,HTTPS,200,443,10.138.69.97,Suspicious Web Traffic,Adversary Infrastructure Interaction,AWS_VPC_Flow,prod_webserver,2024-04-26 01:20:00+00:00,waf_rule,600.0,8471.695,Normal
22366,31577,2024-04-26 01:20:00+00:00,2024-04-26 01:30:00+00:00,165.225.209.4,CA,HTTPS,200,443,10.138.69.97,Suspicious Web Traffic,Adversary Infrastructure Interaction,AWS_VPC_Flow,prod_webserver,2024-04-26 01:20:00+00:00,waf_rule,600.0,89.905,Normal
6376,11690,2024-04-26 01:20:00+00:00,2024-04-26 01:30:00+00:00,147.161.131.1,AT,HTTPS,200,443,10.138.69.97,Suspicious Web Traffic,Adversary Infrastructure Interaction,AWS_VPC_Flow,prod_webserver,2024-04-26 01:20:00+00:00,waf_rule,600.0,30.11,Normal
3618,2878,2024-04-26 01:30:00+00:00,2024-04-26 01:40:00+00:00,147.161.161.82,AE,HTTPS,200,443,10.138.69.97,Suspicious Web Traffic,Adversary Infrastructure Interaction,AWS_VPC_Flow,prod_webserver,2024-04-26 01:30:00+00:00,waf_rule,600.0,10.826666666666666,Normal
23680,33014,2024-04-26 01:30:00+00:00,2024-04-26 01:40:00+00:00,136.226.67.101,US,HTTPS,200,443,10.138.69.97,Suspicious Web Traffic,Adversary Infrastructure Interaction,AWS_VPC_Flow,prod_webserver,2024-04-26 01:30:00+00:00,waf_rule,600.0,94.49,Normal
28388,13468,2024-04-26 01:30:00+00:00,2024-04-26 01:40:00+00:00,165.225.212.255,CA,HTTPS,200,443,10.138.69.97,Suspicious Web Traffic,Adversary Infrastructure Interaction,AWS_VPC_Flow,prod_webserver,2024-04-26 01:30:00+00:00,waf_rule,600.0,69.76,Normal
43840,13960,2024-04-26 01:30:00+00:00,2024-04-26 01:40:00+00:00,136.226.64.114,US,HTTPS,200,443,10.138.69.97,Suspicious Web Traffic,Adversary Infrastructure Interaction,AWS_VPC_Flow,prod_webserver,2024-04-26 01:30:00+00:00,waf_rule,600.0,96.33333333333333,Normal
1253276,46666,2024-04-26 01:30:00+00:00,2024-04-26 01:40:00+00:00,165.225.240.79,NL,HTTPS,200,443,10.138.69.97,Suspicious Web Traffic,Adversary Infrastructure Interaction,AWS_VPC_Flow,prod_webserver,2024-04-26 01:30:00+00:00,waf_rule,600.0,2166.57,Normal
4080,11386,2024-04-26 01:30:00+00:00,2024-04-26 01:40:00+00:00,94.188.248.74,IL,HTTPS,200,443,10.138.69.97,Suspicious Web Traffic,Adversary Infrastructure Interaction,AWS_VPC_Flow,prod_webserver,2024-04-26 01:30:00+00:00,waf_rule,600.0,25.776666666666667,Normal
3206,11038,2024-04-26 01:30:00+00:00,2024-04-26 01:40:00+00:00,165.225.8.79,US,HTTPS,200,443,10.138.69.97,Suspicious Web Traffic,Adversary Infrastructure Interaction,AWS_VPC_Flow,prod_webserver,2024-04-26 01:30:00+00:00,waf_rule,600.0,23.74,Normal
14222,9362,2024-04-26 01:30:00+00:00,2024-04-26 01:40:00+00:00,165.225.26.101,DE,HTTPS,200,443,10.138.69.97,Suspicious Web Traffic,Adversary Infrastructure Interaction,AWS_VPC_Flow,prod_webserver,2024-04-26 01:30:00+00:00,waf_rule,600.0,39.306666666666665,Normal
4808787,301495,2024-04-26 01:30:00+00:00,2024-04-26 01:40:00+00:00,155.91.45.242,US,HTTPS,200,443,10.138.69.97,Suspicious Web Traffic,Adversary Infrastructure Interaction,AWS_VPC_Flow,prod_webserver,2024-04-26 01:30:00+00:00,waf_rule,600.0,8517.136666666667,Normal
7294,13707,2024-04-26 01:30:00+00:00,2024-04-26 01:40:00+00:00,165.225.209.4,CA,HTTPS,200,443,10.138.69.97,Suspicious Web Traffic,Adversary Infrastructure Interaction,AWS_VPC_Flow,prod_webserver,2024-04-26 01:30:00+00:00,waf_rule,600.0,35.001666666666665,Normal
5824,12018,2024-04-26 01:40:00+00:00,2024-04-26 01:50:00+00:00,165.225.33.6,US,HTTPS,200,443,10.138.69.97,Suspicious Web Traffic,Adversary Infrastructure Interaction,AWS_VPC_Flow,prod_webserver,2024-04-26 01:40:00+00:00,waf_rule,600.0,29.736666666666668,Normal
5492,12046,2024-04-26 01:40:00+00:00,2024-04-26 01:50:00+00:00,136.226.67.101,US,HTTPS,200,443,10.138.69.97,Suspicious Web Traffic,Adversary Infrastructure Interaction,AWS_VPC_Flow,prod_webserver,2024-04-26 01:40:00+00:00,waf_rule,600.0,29.23,Normal
28644,7330,2024-04-26 01:40:00+00:00,2024-04-26 01:50:00+00:00,165.225.213.7,CA,HTTPS,200,443,10.138.69.97,Suspicious Web Traffic,Adversary Infrastructure Interaction,AWS_VPC_Flow,prod_webserver,2024-04-26 01:40:00+00:00,waf_rule,600.0,59.95666666666666,Normal
3206,11142,2024-04-26 01:40:00+00:00,2024-04-26 01:50:00+00:00,165.225.8.79,US,HTTPS,200,443,10.138.69.97,Suspicious Web Traffic,Adversary Infrastructure Interaction,AWS_VPC_Flow,prod_webserver,2024-04-26 01:40:00+00:00,waf_rule,600.0,23.913333333333334,Normal
38780,18682,2024-04-26 01:40:00+00:00,2024-04-26 01:50:00+00:00,136.226.77.103,CA,HTTPS,200,443,10.138.69.97,Suspicious Web Traffic,Adversary Infrastructure Interaction,AWS_VPC_Flow,prod_webserver,2024-04-26 01:40:00+00:00,waf_rule,600.0,95.77,Normal
4869181,301752,2024-04-26 01:40:00+00:00,2024-04-26 01:50:00+00:00,155.91.45.242,US,HTTPS,200,443,10.138.69.97,Suspicious Web Traffic,Adversary Infrastructure Interaction,AWS_VPC_Flow,prod_webserver,2024-04-26 01:40:00+00:00,waf_rule,600.0,8618.221666666666,Suspicious
6046,4544,2024-04-26 01:40:00+00:00,2024-04-26 01:50:00+00:00,165.225.209.4,CA,HTTPS,200,443,10.138.69.97,Suspicious Web Traffic,Adversary Infrastructure Interaction,AWS_VPC_Flow,prod_webserver,2024-04-26 01:40:00+00:00,waf_rule,600.0,17.65,Normal
6584,11898,2024-04-26 01:40:00+00:00,2024-04-26 01:50:00+00:00,147.161.131.1,AT,HTTPS,200,443,10.138.69.97,Suspicious Web Traffic,Adversary Infrastructure Interaction,AWS_VPC_Flow,prod_webserver,2024-04-26 01:40:00+00:00,waf_rule,600.0,30.803333333333335,Normal
7666,14346,2024-04-26 01:40:00+00:00,2024-04-26 01:50:00+00:00,136.226.80.97,US,HTTPS,200,443,10.138.69.97,Suspicious Web Traffic,Adversary Infrastructure Interaction,AWS_VPC_Flow,prod_webserver,2024-04-26 01:40:00+00:00,waf_rule,600.0,36.68666666666667,Normal
5140,4294,2024-04-26 01:50:00+00:00,2024-04-26 02:00:00+00:00,147.161.161.82,AE,HTTPS,200,443,10.138.69.97,Suspicious Web Traffic,Adversary Infrastructure Interaction,AWS_VPC_Flow,prod_webserver,2024-04-26 01:50:00+00:00,waf_rule,600.0,15.723333333333333,Normal
37105,49494,2024-04-26 01:50:00+00:00,2024-04-26 02:00:00+00:00,136.226.67.101,US,HTTPS,200,443,10.138.69.97,Suspicious Web Traffic,Adversary Infrastructure Interaction,AWS_VPC_Flow,prod_webserver,2024-04-26 01:50:00+00:00,waf_rule,600.0,144.33166666666668,Normal
28896,7328,2024-04-26 01:50:00+00:00,2024-04-26 02:00:00+00:00,165.225.213.7,CA,HTTPS,200,443,10.138.69.97,Suspicious Web Traffic,Adversary Infrastructure Interaction,AWS_VPC_Flow,prod_webserver,2024-04-26 01:50:00+00:00,waf_rule,600.0,60.373333333333335,Normal
8872,14760,2024-04-26 01:50:00+00:00,2024-04-26 02:00:00+00:00,165.225.26.101,DE,HTTPS,200,443,10.138.69.97,Suspicious Web Traffic,Adversary Infrastructure Interaction,AWS_VPC_Flow,prod_webserver,2024-04-26 01:50:00+00:00,waf_rule,600.0,39.38666666666666,Normal
4755578,292284,2024-04-26 01:50:00+00:00,2024-04-26 02:00:00+00:00,155.91.45.242,US,HTTPS,200,443,10.138.69.97,Suspicious Web Traffic,Adversary Infrastructure Interaction,AWS_VPC_Flow,prod_webserver,2024-04-26 01:50:00+00:00,waf_rule,600.0,8413.103333333333,Normal
11358,24124,2024-04-26 01:50:00+00:00,2024-04-26 02:00:00+00:00,165.225.209.4,CA,HTTPS,200,443,10.138.69.97,Suspicious Web Traffic,Adversary Infrastructure Interaction,AWS_VPC_Flow,prod_webserver,2024-04-26 01:50:00+00:00,waf_rule,600.0,59.13666666666666,Normal
4264,11882,2024-04-26 01:50:00+00:00,2024-04-26 02:00:00+00:00,147.161.131.1,AT,HTTPS,200,443,10.138.69.97,Suspicious Web Traffic,Adversary Infrastructure Interaction,AWS_VPC_Flow,prod_webserver,2024-04-26 01:50:00+00:00,waf_rule,600.0,26.91,Normal
3966,3248,2024-04-26 01:50:00+00:00,2024-04-26 02:00:00+00:00,136.226.80.97,US,HTTPS,200,443,10.138.69.97,Suspicious Web Traffic,Adversary Infrastructure Interaction,AWS_VPC_Flow,prod_webserver,2024-04-26 01:50:00+00:00,waf_rule,600.0,12.023333333333333,Normal
35666,39032,2024-04-26 08:00:00+00:00,2024-04-26 08:10:00+00:00,136.226.67.101,US,HTTPS,200,443,10.138.69.97,Suspicious Web Traffic,Adversary Infrastructure Interaction,AWS_VPC_Flow,prod_webserver,2024-04-26 08:00:00+00:00,waf_rule,600.0,124.49666666666667,Normal
28540,7228,2024-04-26 08:00:00+00:00,2024-04-26 08:10:00+00:00,165.225.213.7,CA,HTTPS,200,443,10.138.69.97,Suspicious Web Traffic,Adversary Infrastructure Interaction,AWS_VPC_Flow,prod_webserver,2024-04-26 08:00:00+00:00,waf_rule,600.0,59.61333333333334,Normal
44408,22446,2024-04-26 08:00:00+00:00,2024-04-26 08:10:00+00:00,136.226.64.114,US,HTTPS,200,443,10.138.69.97,Suspicious Web Traffic,Adversary Infrastructure Interaction,AWS_VPC_Flow,prod_webserver,2024-04-26 08:00:00+00:00,waf_rule,600.0,111.42333333333333,Normal
8202,6068,2024-04-26 08:00:00+00:00,2024-04-26 08:10:00+00:00,165.225.26.101,DE,HTTPS,200,443,10.138.69.97,Suspicious Web Traffic,Adversary Infrastructure Interaction,AWS_VPC_Flow,prod_webserver,2024-04-26 08:00:00+00:00,waf_rule,600.0,23.783333333333335,Normal
18201558,1170896,2024-04-26 08:00:00+00:00,2024-04-26 08:10:00+00:00,155.91.45.242,US,HTTPS,200,443,10.138.69.97,Suspicious Web Traffic,Adversary Infrastructure Interaction,AWS_VPC_Flow,prod_webserver,2024-04-26 08:00:00+00:00,waf_rule,600.0,32287.423333333332,Suspicious
23836,41493,2024-04-26 08:00:00+00:00,2024-04-26 08:10:00+00:00,165.225.209.4,CA,HTTPS,200,443,10.138.69.97,Suspicious Web Traffic,Adversary Infrastructure Interaction,AWS_VPC_Flow,prod_webserver,2024-04-26 08:00:00+00:00,waf_rule,600.0,108.88166666666666,Normal
3862,2982,2024-04-26 08:00:00+00:00,2024-04-26 08:10:00+00:00,136.226.80.97,US,HTTPS,200,443,10.138.69.97,Suspicious Web Traffic,Adversary Infrastructure Interaction,AWS_VPC_Flow,prod_webserver,2024-04-26 08:00:00+00:00,waf_rule,600.0,11.406666666666666,Normal
15978,28154,2024-04-26 08:10:00+00:00,2024-04-26 08:20:00+00:00,136.226.67.101,US,HTTPS,200,443,10.138.69.97,Suspicious Web Traffic,Adversary Infrastructure Interaction,AWS_VPC_Flow,prod_webserver,2024-04-26 08:10:00+00:00,waf_rule,600.0,73.55333333333333,Normal
28042,4834,2024-04-26 08:10:00+00:00,2024-04-26 08:20:00+00:00,165.225.212.255,CA,HTTPS,200,443,10.138.69.97,Suspicious Web Traffic,Adversary Infrastructure Interaction,AWS_VPC_Flow,prod_webserver,2024-04-26 08:10:00+00:00,waf_rule,600.0,54.79333333333334,Normal
3618,2648,2024-04-26 08:10:00+00:00,2024-04-26 08:20:00+00:00,94.188.248.74,IL,HTTPS,200,443,10.138.69.97,Suspicious Web Traffic,Adversary Infrastructure Interaction,AWS_VPC_Flow,prod_webserver,2024-04-26 08:10:00+00:00,waf_rule,600.0,10.443333333333333,Normal
13546,17742,2024-04-26 08:10:00+00:00,2024-04-26 08:20:00+00:00,165.225.26.101,DE,HTTPS,200,443,10.138.69.97,Suspicious Web Traffic,Adversary Infrastructure Interaction,AWS_VPC_Flow,prod_webserver,2024-04-26 08:10:00+00:00,waf_rule,600.0,52.14666666666667,Normal
18273120,1145109,2024-04-26 08:10:00+00:00,2024-04-26 08:20:00+00:00,155.91.45.242,US,HTTPS,200,443,10.138.69.97,Suspicious Web Traffic,Adversary Infrastructure Interaction,AWS_VPC_Flow,prod_webserver,2024-04-26 08:10:00+00:00,waf_rule,600.0,32363.715,Suspicious
15094,10563,2024-04-26 08:10:00+00:00,2024-04-26 08:20:00+00:00,165.225.209.4,CA,HTTPS,200,443,10.138.69.97,Suspicious Web Traffic,Adversary Infrastructure Interaction,AWS_VPC_Flow,prod_webserver,2024-04-26 08:10:00+00:00,waf_rule,600.0,42.76166666666666,Normal
5238,11674,2024-04-26 08:10:00+00:00,2024-04-26 08:20:00+00:00,147.161.131.1,AT,HTTPS,200,443,10.138.69.97,Suspicious Web Traffic,Adversary Infrastructure Interaction,AWS_VPC_Flow,prod_webserver,2024-04-26 08:10:00+00:00,waf_rule,600.0,28.186666666666667,Normal
4480,11778,2024-04-26 08:20:00+00:00,2024-04-26 08:30:00+00:00,147.161.161.82,AE,HTTPS,200,443,10.138.69.97,Suspicious Web Traffic,Adversary Infrastructure Interaction,AWS_VPC_Flow,prod_webserver,2024-04-26 08:20:00+00:00,waf_rule,600.0,27.096666666666668,Normal
30396,28830,2024-04-26 08:20:00+00:00,2024-04-26 08:30:00+00:00,136.226.67.101,US,HTTPS,200,443,10.138.69.97,Suspicious Web Traffic,Adversary Infrastructure Interaction,AWS_VPC_Flow,prod_webserver,2024-04-26 08:20:00+00:00,waf_rule,600.0,98.71,Normal
28628,13570,2024-04-26 08:20:00+00:00,2024-04-26 08:30:00+00:00,165.225.212.255,CA,HTTPS,200,443,10.138.69.97,Suspicious Web Traffic,Adversary Infrastructure Interaction,AWS_VPC_Flow,prod_webserver,2024-04-26 08:20:00+00:00,waf_rule,600.0,70.33,Normal
1360,436,2024-04-26 08:20:00+00:00,2024-04-26 08:30:00+00:00,198.235.24.81,US,HTTPS,200,443,10.138.69.97,Suspicious Web Traffic,Adversary Infrastructure Interaction,AWS_VPC_Flow,prod_webserver,2024-04-26 08:20:00+00:00,waf_rule,600.0,2.993333333333333,Normal
3976,11282,2024-04-26 08:20:00+00:00,2024-04-26 08:30:00+00:00,94.188.248.74,IL,HTTPS,200,443,10.138.69.97,Suspicious Web Traffic,Adversary Infrastructure Interaction,AWS_VPC_Flow,prod_webserver,2024-04-26 08:20:00+00:00,waf_rule,600.0,25.43,Normal
9440,23452,2024-04-26 08:20:00+00:00,2024-04-26 08:30:00+00:00,165.225.26.101,DE,HTTPS,200,443,10.138.69.97,Suspicious Web Traffic,Adversary Infrastructure Interaction,AWS_VPC_Flow,prod_webserver,2024-04-26 08:20:00+00:00,waf_rule,600.0,54.82,Normal
18285525,1130944,2024-04-26 08:20:00+00:00,2024-04-26 08:30:00+00:00,155.91.45.242,US,HTTPS,200,443,10.138.69.97,Suspicious Web Traffic,Adversary Infrastructure Interaction,AWS_VPC_Flow,prod_webserver,2024-04-26 08:20:00+00:00,waf_rule,600.0,32360.781666666666,Suspicious
24200,41078,2024-04-26 08:20:00+00:00,2024-04-26 08:30:00+00:00,165.225.209.4,CA,HTTPS,200,443,10.138.69.97,Suspicious Web Traffic,Adversary Infrastructure Interaction,AWS_VPC_Flow,prod_webserver,2024-04-26 08:20:00+00:00,waf_rule,600.0,108.79666666666667,Normal
5030,11570,2024-04-26 08:20:00+00:00,2024-04-26 08:30:00+00:00,147.161.131.1,AT,HTTPS,200,443,10.138.69.97,Suspicious Web Traffic,Adversary Infrastructure Interaction,AWS_VPC_Flow,prod_webserver,2024-04-26 08:20:00+00:00,waf_rule,600.0,27.666666666666668,Normal
7204,5860,2024-04-26 08:20:00+00:00,2024-04-26 08:30:00+00:00,136.226.80.97,US,HTTPS,200,443,10.138.69.97,Suspicious Web Traffic,Adversary Infrastructure Interaction,AWS_VPC_Flow,prod_webserver,2024-04-26 08:20:00+00:00,waf_rule,600.0,21.773333333333333,Normal
4168,11674,2024-04-26 08:30:00+00:00,2024-04-26 08:40:00+00:00,147.161.161.82,AE,HTTPS,200,443,10.138.69.97,Suspicious Web Traffic,Adversary Infrastructure Interaction,AWS_VPC_Flow,prod_webserver,2024-04-26 08:30:00+00:00,waf_rule,600.0,26.403333333333332,Normal
37156,48239,2024-04-26 08:30:00+00:00,2024-04-26 08:40:00+00:00,136.226.67.101,US,HTTPS,200,443,10.138.69.97,Suspicious Web Traffic,Adversary Infrastructure Interaction,AWS_VPC_Flow,prod_webserver,2024-04-26 08:30:00+00:00,waf_rule,600.0,142.325,Normal
27912,6080,2024-04-26 08:30:00+00:00,2024-04-26 08:40:00+00:00,165.225.213.7,CA,HTTPS,200,443,10.138.69.97,Suspicious Web Traffic,Adversary Infrastructure Interaction,AWS_VPC_Flow,prod_webserver,2024-04-26 08:30:00+00:00,waf_rule,600.0,56.653333333333336,Normal
44390,22134,2024-04-26 08:30:00+00:00,2024-04-26 08:40:00+00:00,136.226.64.114,US,HTTPS,200,443,10.138.69.97,Suspicious Web Traffic,Adversary Infrastructure Interaction,AWS_VPC_Flow,prod_webserver,2024-04-26 08:30:00+00:00,waf_rule,600.0,110.87333333333333,Normal
4686,11778,2024-04-26 08:30:00+00:00,2024-04-26 08:40:00+00:00,136.226.77.103,CA,HTTPS,200,443,10.138.69.97,Suspicious Web Traffic,Adversary Infrastructure Interaction,AWS_VPC_Flow,prod_webserver,2024-04-26 08:30:00+00:00,waf_rule,600.0,27.44,Normal
18239056,1144663,2024-04-26 08:30:00+00:00,2024-04-26 08:40:00+00:00,155.91.45.242,US,HTTPS,200,443,10.138.69.97,Suspicious Web Traffic,Adversary Infrastructure Interaction,AWS_VPC_Flow,prod_webserver,2024-04-26 08:30:00+00:00,waf_rule,600.0,32306.198333333334,Normal
6806,13238,2024-04-26 08:30:00+00:00,2024-04-26 08:40:00+00:00,165.225.209.4,CA,HTTPS,200,443,10.138.69.97,Suspicious Web Traffic,Adversary Infrastructure Interaction,AWS_VPC_Flow,prod_webserver,2024-04-26 08:30:00+00:00,waf_rule,600.0,33.406666666666666,Normal
10118,14760,2024-04-26 08:30:00+00:00,2024-04-26 08:40:00+00:00,147.161.131.1,AT,HTTPS,200,443,10.138.69.97,Suspicious Web Traffic,Adversary Infrastructure Interaction,AWS_VPC_Flow,prod_webserver,2024-04-26 08:30:00+00:00,waf_rule,600.0,41.46333333333333,Normal
15016,11797,2024-04-26 08:40:00+00:00,2024-04-26 08:50:00+00:00,136.226.67.101,US,HTTPS,200,443,10.138.69.97,Suspicious Web Traffic,Adversary Infrastructure Interaction,AWS_VPC_Flow,prod_webserver,2024-04-26 08:40:00+00:00,waf_rule,600.0,44.68833333333333,Normal
1996566,56644,2024-04-26 08:40:00+00:00,2024-04-26 08:50:00+00:00,165.225.240.79,NL,HTTPS,200,443,10.138.69.97,Suspicious Web Traffic,Adversary Infrastructure Interaction,AWS_VPC_Flow,prod_webserver,2024-04-26 08:40:00+00:00,waf_rule,600.0,3422.016666666667,Normal
10578,23450,2024-04-26 08:40:00+00:00,2024-04-26 08:50:00+00:00,165.225.26.101,DE,HTTPS,200,443,10.138.69.97,Suspicious Web Traffic,Adversary Infrastructure Interaction,AWS_VPC_Flow,prod_webserver,2024-04-26 08:40:00+00:00,waf_rule,600.0,56.71333333333333,Normal
18125238,1121958,2024-04-26 08:40:00+00:00,2024-04-26 08:50:00+00:00,155.91.45.242,US,HTTPS,200,443,10.138.69.97,Suspicious Web Traffic,Adversary Infrastructure Interaction,AWS_VPC_Flow,prod_webserver,2024-04-26 08:40:00+00:00,waf_rule,600.0,32078.66,Suspicious
18482,29508,2024-04-26 08:40:00+00:00,2024-04-26 08:50:00+00:00,165.225.209.4,CA,HTTPS,200,443,10.138.69.97,Suspicious Web Traffic,Adversary Infrastructure Interaction,AWS_VPC_Flow,prod_webserver,2024-04-26 08:40:00+00:00,waf_rule,600.0,79.98333333333333,Normal
5238,11778,2024-04-26 08:40:00+00:00,2024-04-26 08:50:00+00:00,147.161.131.1,AT,HTTPS,200,443,10.138.69.97,Suspicious Web Traffic,Adversary Infrastructure Interaction,AWS_VPC_Flow,prod_webserver,2024-04-26 08:40:00+00:00,waf_rule,600.0,28.36,Normal
4116,11570,2024-04-26 08:40:00+00:00,2024-04-26 08:50:00+00:00,136.226.80.97,US,HTTPS,200,443,10.138.69.97,Suspicious Web Traffic,Adversary Infrastructure Interaction,AWS_VPC_Flow,prod_webserver,2024-04-26 08:40:00+00:00,waf_rule,600.0,26.143333333333334,Normal
4272,11778,2024-04-26 08:50:00+00:00,2024-04-26 09:00:00+00:00,147.161.161.82,AE,HTTPS,200,443,10.138.69.97,Suspicious Web Traffic,Adversary Infrastructure Interaction,AWS_VPC_Flow,prod_webserver,2024-04-26 08:50:00+00:00,waf_rule,600.0,26.75,Normal
31166,25856,2024-04-26 08:50:00+00:00,2024-04-26 09:00:00+00:00,165.225.33.6,US,HTTPS,200,443,10.138.69.97,Suspicious Web Traffic,Adversary Infrastructure Interaction,AWS_VPC_Flow,prod_webserver,2024-04-26 08:50:00+00:00,waf_rule,600.0,95.03666666666666,Normal
28830,27096,2024-04-26 08:50:00+00:00,2024-04-26 09:00:00+00:00,136.226.67.101,US,HTTPS,200,443,10.138.69.97,Suspicious Web Traffic,Adversary Infrastructure Interaction,AWS_VPC_Flow,prod_webserver,2024-04-26 08:50:00+00:00,waf_rule,600.0,93.21,Normal
60122,12630,2024-04-26 08:50:00+00:00,2024-04-26 09:00:00+00:00,136.226.64.114,US,HTTPS,200,443,10.138.69.97,Suspicious Web Traffic,Adversary Infrastructure Interaction,AWS_VPC_Flow,prod_webserver,2024-04-26 08:50:00+00:00,waf_rule,600.0,121.25333333333333,Normal
3678,11038,2024-04-26 08:50:00+00:00,2024-04-26 09:00:00+00:00,165.225.240.79,NL,HTTPS,200,443,10.138.69.97,Suspicious Web Traffic,Adversary Infrastructure Interaction,AWS_VPC_Flow,prod_webserver,2024-04-26 08:50:00+00:00,waf_rule,600.0,24.526666666666667,Normal
36522,18578,2024-04-26 08:50:00+00:00,2024-04-26 09:00:00+00:00,136.226.77.103,CA,HTTPS,200,443,10.138.69.97,Suspicious Web Traffic,Adversary Infrastructure Interaction,AWS_VPC_Flow,prod_webserver,2024-04-26 08:50:00+00:00,waf_rule,600.0,91.83333333333333,Normal
13232,17534,2024-04-26 08:50:00+00:00,2024-04-26 09:00:00+00:00,165.225.26.101,DE,HTTPS,200,443,10.138.69.97,Suspicious Web Traffic,Adversary Infrastructure Interaction,AWS_VPC_Flow,prod_webserver,2024-04-26 08:50:00+00:00,waf_rule,600.0,51.276666666666664,Normal
18171403,1103358,2024-04-26 08:50:00+00:00,2024-04-26 09:00:00+00:00,155.91.45.242,US,HTTPS,200,443,10.138.69.97,Suspicious Web Traffic,Adversary Infrastructure Interaction,AWS_VPC_Flow,prod_webserver,2024-04-26 08:50:00+00:00,waf_rule,600.0,32124.601666666666,Suspicious
1147,5151,2024-04-26 08:50:00+00:00,2024-04-26 09:00:00+00:00,65.49.1.69,US,HTTPS,200,443,10.138.69.97,Suspicious Web Traffic,Adversary Infrastructure Interaction,AWS_VPC_Flow,prod_webserver,2024-04-26 08:50:00+00:00,waf_rule,600.0,10.496666666666666,Normal
80,44,2024-04-26 08:50:00+00:00,2024-04-26 09:00:00+00:00,65.49.1.72,US,HTTPS,200,443,10.138.69.97,Suspicious Web Traffic,Adversary Infrastructure Interaction,AWS_VPC_Flow,prod_webserver,2024-04-26 08:50:00+00:00,waf_rule,600.0,0.20666666666666667,Normal
790,444,2024-04-26 08:50:00+00:00,2024-04-26 09:00:00+00:00,65.49.1.94,US,HTTPS,200,443,10.138.69.97,Suspicious Web Traffic,Adversary Infrastructure Interaction,AWS_VPC_Flow,prod_webserver,2024-04-26 08:50:00+00:00,waf_rule,600.0,2.0566666666666666,Normal
5030,11674,2024-04-26 08:50:00+00:00,2024-04-26 09:00:00+00:00,147.161.131.1,AT,HTTPS,200,443,10.138.69.97,Suspicious Web Traffic,Adversary Infrastructure Interaction,AWS_VPC_Flow,prod_webserver,2024-04-26 08:50:00+00:00,waf_rule,600.0,27.84,Normal
3638,3086,2024-04-26 08:50:00+00:00,2024-04-26 09:00:00+00:00,136.226.80.97,US,HTTPS,200,443,10.138.69.97,Suspicious Web Traffic,Adversary Infrastructure Interaction,AWS_VPC_Flow,prod_webserver,2024-04-26 08:50:00+00:00,waf_rule,600.0,11.206666666666667,Normal
4704,11882,2024-04-26 09:10:00+00:00,2024-04-26 09:20:00+00:00,147.161.161.82,AE,HTTPS,200,443,10.138.69.97,Suspicious Web Traffic,Adversary Infrastructure Interaction,AWS_VPC_Flow,prod_webserver,2024-04-26 09:10:00+00:00,waf_rule,600.0,27.643333333333334,Normal
16960,19458,2024-04-26 09:10:00+00:00,2024-04-26 09:20:00+00:00,136.226.67.101,US,HTTPS,200,443,10.138.69.97,Suspicious Web Traffic,Adversary Infrastructure Interaction,AWS_VPC_Flow,prod_webserver,2024-04-26 09:10:00+00:00,waf_rule,600.0,60.696666666666665,Normal
29314,15444,2024-04-26 09:10:00+00:00,2024-04-26 09:20:00+00:00,165.225.213.7,CA,HTTPS,200,443,10.138.69.97,Suspicious Web Traffic,Adversary Infrastructure Interaction,AWS_VPC_Flow,prod_webserver,2024-04-26 09:10:00+00:00,waf_rule,600.0,74.59666666666666,Normal
28244,17860,2024-04-26 09:00:00+00:00,2024-04-26 09:10:00+00:00,165.225.33.6,US,HTTPS,200,443,10.138.69.97,Suspicious Web Traffic,Adversary Infrastructure Interaction,AWS_VPC_Flow,prod_webserver,2024-04-26 09:00:00+00:00,waf_rule,600.0,76.84,Normal
2007229,59926,2024-04-26 09:10:00+00:00,2024-04-26 09:20:00+00:00,165.225.240.79,NL,HTTPS,200,443,10.138.69.97,Suspicious Web Traffic,Adversary Infrastructure Interaction,AWS_VPC_Flow,prod_webserver,2024-04-26 09:10:00+00:00,waf_rule,600.0,3445.258333333333,Normal
18890,30568,2024-04-26 09:00:00+00:00,2024-04-26 09:10:00+00:00,136.226.67.101,US,HTTPS,200,443,10.138.69.97,Suspicious Web Traffic,Adversary Infrastructure Interaction,AWS_VPC_Flow,prod_webserver,2024-04-26 09:00:00+00:00,waf_rule,600.0,82.43,Normal
27970,13366,2024-04-26 09:00:00+00:00,2024-04-26 09:10:00+00:00,165.225.213.7,CA,HTTPS,200,443,10.138.69.97,Suspicious Web Traffic,Adversary Infrastructure Interaction,AWS_VPC_Flow,prod_webserver,2024-04-26 09:00:00+00:00,waf_rule,600.0,68.89333333333333,Normal
30596,14488,2024-04-26 09:00:00+00:00,2024-04-26 09:10:00+00:00,136.226.64.114,US,HTTPS,200,443,10.138.69.97,Suspicious Web Traffic,Adversary Infrastructure Interaction,AWS_VPC_Flow,prod_webserver,2024-04-26 09:00:00+00:00,waf_rule,600.0,75.14,Normal
6488,4164,2024-04-26 09:10:00+00:00,2024-04-26 09:20:00+00:00,136.226.77.103,CA,HTTPS,200,443,10.138.69.97,Suspicious Web Traffic,Adversary Infrastructure Interaction,AWS_VPC_Flow,prod_webserver,2024-04-26 09:10:00+00:00,waf_rule,600.0,17.753333333333334,Normal
9908,14656,2024-04-26 09:10:00+00:00,2024-04-26 09:20:00+00:00,165.225.26.101,DE,HTTPS,200,443,10.138.69.97,Suspicious Web Traffic,Adversary Infrastructure Interaction,AWS_VPC_Flow,prod_webserver,2024-04-26 09:10:00+00:00,waf_rule,600.0,40.94,Normal
48614,25178,2024-04-26 09:00:00+00:00,2024-04-26 09:10:00+00:00,136.226.77.103,CA,HTTPS,200,443,10.138.69.97,Suspicious Web Traffic,Adversary Infrastructure Interaction,AWS_VPC_Flow,prod_webserver,2024-04-26 09:00:00+00:00,waf_rule,600.0,122.98666666666666,Normal
7994,5754,2024-04-26 09:00:00+00:00,2024-04-26 09:10:00+00:00,165.225.26.101,DE,HTTPS,200,443,10.138.69.97,Suspicious Web Traffic,Adversary Infrastructure Interaction,AWS_VPC_Flow,prod_webserver,2024-04-26 09:00:00+00:00,waf_rule,600.0,22.913333333333334,Normal
18119202,1132321,2024-04-26 09:10:00+00:00,2024-04-26 09:20:00+00:00,155.91.45.242,US,HTTPS,200,443,10.138.69.97,Suspicious Web Traffic,Adversary Infrastructure Interaction,AWS_VPC_Flow,prod_webserver,2024-04-26 09:10:00+00:00,waf_rule,600.0,32085.871666666666,Suspicious
3904,19282,2024-04-26 09:00:00+00:00,2024-04-26 09:10:00+00:00,65.49.1.104,US,HTTPS,200,443,10.138.69.97,Suspicious Web Traffic,Adversary Infrastructure Interaction,AWS_VPC_Flow,prod_webserver,2024-04-26 09:00:00+00:00,waf_rule,600.0,38.64333333333333,Normal
5736,12114,2024-04-26 09:10:00+00:00,2024-04-26 09:20:00+00:00,165.225.209.4,CA,HTTPS,200,443,10.138.69.97,Suspicious Web Traffic,Adversary Infrastructure Interaction,AWS_VPC_Flow,prod_webserver,2024-04-26 09:10:00+00:00,waf_rule,600.0,29.75,Normal
18187778,1142605,2024-04-26 09:00:00+00:00,2024-04-26 09:10:00+00:00,155.91.45.242,US,HTTPS,200,443,10.138.69.97,Suspicious Web Traffic,Adversary Infrastructure Interaction,AWS_VPC_Flow,prod_webserver,2024-04-26 09:00:00+00:00,waf_rule,600.0,32217.305,Normal
5482,21034,2024-04-26 09:00:00+00:00,2024-04-26 09:10:00+00:00,65.49.1.97,US,HTTPS,200,443,10.138.69.97,Suspicious Web Traffic,Adversary Infrastructure Interaction,AWS_VPC_Flow,prod_webserver,2024-04-26 09:00:00+00:00,waf_rule,600.0,44.193333333333335,Normal
1112,430,2024-04-26 09:00:00+00:00,2024-04-26 09:10:00+00:00,65.49.1.99,US,HTTPS,200,443,10.138.69.97,Suspicious Web Traffic,Adversary Infrastructure Interaction,AWS_VPC_Flow,prod_webserver,2024-04-26 09:00:00+00:00,waf_rule,600.0,2.57,Normal
833,4490,2024-04-26 09:00:00+00:00,2024-04-26 09:10:00+00:00,65.49.1.76,US,HTTPS,200,443,10.138.69.97,Suspicious Web Traffic,Adversary Infrastructure Interaction,AWS_VPC_Flow,prod_webserver,2024-04-26 09:00:00+00:00,waf_rule,600.0,8.871666666666666,Normal
1674,8980,2024-04-26 09:00:00+00:00,2024-04-26 09:10:00+00:00,65.49.1.96,US,HTTPS,200,443,10.138.69.97,Suspicious Web Traffic,Adversary Infrastructure Interaction,AWS_VPC_Flow,prod_webserver,2024-04-26 09:00:00+00:00,waf_rule,600.0,17.756666666666668,Normal
1328,524,2024-04-26 09:00:00+00:00,2024-04-26 09:10:00+00:00,65.49.1.95,US,HTTPS,200,443,10.138.69.97,Suspicious Web Traffic,Adversary Infrastructure Interaction,AWS_VPC_Flow,prod_webserver,2024-04-26 09:00:00+00:00,waf_rule,600.0,3.0866666666666664,Normal
3534,2982,2024-04-26 09:10:00+00:00,2024-04-26 09:20:00+00:00,136.226.80.97,US,HTTPS,200,443,10.138.69.97,Suspicious Web Traffic,Adversary Infrastructure Interaction,AWS_VPC_Flow,prod_webserver,2024-04-26 09:10:00+00:00,waf_rule,600.0,10.86,Normal
1628,8980,2024-04-26 09:00:00+00:00,2024-04-26 09:10:00+00:00,65.49.1.74,US,HTTPS,200,443,10.138.69.97,Suspicious Web Traffic,Adversary Infrastructure Interaction,AWS_VPC_Flow,prod_webserver,2024-04-26 09:00:00+00:00,waf_rule,600.0,17.68,Normal
5518,12114,2024-04-26 09:00:00+00:00,2024-04-26 09:10:00+00:00,165.225.209.4,CA,HTTPS,200,443,10.138.69.97,Suspicious Web Traffic,Adversary Infrastructure Interaction,AWS_VPC_Flow,prod_webserver,2024-04-26 09:00:00+00:00,waf_rule,600.0,29.386666666666667,Normal
3314,14998,2024-04-26 09:00:00+00:00,2024-04-26 09:10:00+00:00,65.49.1.69,US,HTTPS,200,443,10.138.69.97,Suspicious Web Traffic,Adversary Infrastructure Interaction,AWS_VPC_Flow,prod_webserver,2024-04-26 09:00:00+00:00,waf_rule,600.0,30.52,Normal
5342,11674,2024-04-26 09:00:00+00:00,2024-04-26 09:10:00+00:00,147.161.131.1,AT,HTTPS,200,443,10.138.69.97,Suspicious Web Traffic,Adversary Infrastructure Interaction,AWS_VPC_Flow,prod_webserver,2024-04-26 09:00:00+00:00,waf_rule,600.0,28.36,Normal
6486,4458,2024-04-26 09:20:00+00:00,2024-04-26 09:30:00+00:00,147.161.161.82,AE,HTTPS,200,443,10.138.69.97,Suspicious Web Traffic,Adversary Infrastructure Interaction,AWS_VPC_Flow,prod_webserver,2024-04-26 09:20:00+00:00,waf_rule,600.0,18.24,Normal
24506,34772,2024-04-26 09:20:00+00:00,2024-04-26 09:30:00+00:00,136.226.67.101,US,HTTPS,200,443,10.138.69.97,Suspicious Web Traffic,Adversary Infrastructure Interaction,AWS_VPC_Flow,prod_webserver,2024-04-26 09:20:00+00:00,waf_rule,600.0,98.79666666666667,Normal
1942449,49030,2024-04-26 09:20:00+00:00,2024-04-26 09:30:00+00:00,165.225.240.79,NL,HTTPS,200,443,10.138.69.97,Suspicious Web Traffic,Adversary Infrastructure Interaction,AWS_VPC_Flow,prod_webserver,2024-04-26 09:20:00+00:00,waf_rule,600.0,3319.1316666666667,Normal
3976,11176,2024-04-26 09:20:00+00:00,2024-04-26 09:30:00+00:00,94.188.248.74,IL,HTTPS,200,443,10.138.69.97,Suspicious Web Traffic,Adversary Infrastructure Interaction,AWS_VPC_Flow,prod_webserver,2024-04-26 09:20:00+00:00,waf_rule,600.0,25.253333333333334,Normal
10162,23142,2024-04-26 09:20:00+00:00,2024-04-26 09:30:00+00:00,165.225.26.101,DE,HTTPS,200,443,10.138.69.97,Suspicious Web Traffic,Adversary Infrastructure Interaction,AWS_VPC_Flow,prod_webserver,2024-04-26 09:20:00+00:00,waf_rule,600.0,55.50666666666667,Normal
18231909,1116695,2024-04-26 09:20:00+00:00,2024-04-26 09:30:00+00:00,155.91.45.242,US,HTTPS,200,443,10.138.69.97,Suspicious Web Traffic,Adversary Infrastructure Interaction,AWS_VPC_Flow,prod_webserver,2024-04-26 09:20:00+00:00,waf_rule,600.0,32247.673333333332,Suspicious
22070,23511,2024-04-26 09:20:00+00:00,2024-04-26 09:30:00+00:00,165.225.209.4,CA,HTTPS,200,443,10.138.69.97,Suspicious Web Traffic,Adversary Infrastructure Interaction,AWS_VPC_Flow,prod_webserver,2024-04-26 09:20:00+00:00,waf_rule,600.0,75.96833333333333,Normal
10222,15024,2024-04-26 09:20:00+00:00,2024-04-26 09:30:00+00:00,147.161.131.1,AT,HTTPS,200,443,10.138.69.97,Suspicious Web Traffic,Adversary Infrastructure Interaction,AWS_VPC_Flow,prod_webserver,2024-04-26 09:20:00+00:00,waf_rule,600.0,42.07666666666667,Normal
4392,11674,2024-04-26 09:30:00+00:00,2024-04-26 09:40:00+00:00,147.161.161.82,AE,HTTPS,200,443,10.138.69.97,Suspicious Web Traffic,Adversary Infrastructure Interaction,AWS_VPC_Flow,prod_webserver,2024-04-26 09:30:00+00:00,waf_rule,600.0,26.776666666666667,Normal
14150,26266,2024-04-26 09:30:00+00:00,2024-04-26 09:40:00+00:00,136.226.67.101,US,HTTPS,200,443,10.138.69.97,Suspicious Web Traffic,Adversary Infrastructure Interaction,AWS_VPC_Flow,prod_webserver,2024-04-26 09:30:00+00:00,waf_rule,600.0,67.36,Normal
43550,13546,2024-04-26 09:30:00+00:00,2024-04-26 09:40:00+00:00,136.226.64.114,US,HTTPS,200,443,10.138.69.97,Suspicious Web Traffic,Adversary Infrastructure Interaction,AWS_VPC_Flow,prod_webserver,2024-04-26 09:30:00+00:00,waf_rule,600.0,95.16,Normal
7474,14080,2024-04-26 09:30:00+00:00,2024-04-26 09:40:00+00:00,94.188.248.74,IL,HTTPS,200,443,10.138.69.97,Suspicious Web Traffic,Adversary Infrastructure Interaction,AWS_VPC_Flow,prod_webserver,2024-04-26 09:30:00+00:00,waf_rule,600.0,35.92333333333333,Normal
1248666,38254,2024-04-26 09:30:00+00:00,2024-04-26 09:40:00+00:00,165.225.240.79,NL,HTTPS,200,443,10.138.69.97,Suspicious Web Traffic,Adversary Infrastructure Interaction,AWS_VPC_Flow,prod_webserver,2024-04-26 09:30:00+00:00,waf_rule,600.0,2144.866666666667,Normal
9908,14552,2024-04-26 09:30:00+00:00,2024-04-26 09:40:00+00:00,165.225.26.101,DE,HTTPS,200,443,10.138.69.97,Suspicious Web Traffic,Adversary Infrastructure Interaction,AWS_VPC_Flow,prod_webserver,2024-04-26 09:30:00+00:00,waf_rule,600.0,40.766666666666666,Normal
24326941,1529035,2024-04-26 09:30:00+00:00,2024-04-26 09:40:00+00:00,155.91.45.242,US,HTTPS,200,443,10.138.69.97,Suspicious Web Traffic,Adversary Infrastructure Interaction,AWS_VPC_Flow,prod_webserver,2024-04-26 09:30:00+00:00,waf_rule,600.0,43093.293333333335,Suspicious
28062,52066,2024-04-26 09:30:00+00:00,2024-04-26 09:40:00+00:00,165.225.209.4,CA,HTTPS,200,443,10.138.69.97,Suspicious Web Traffic,Adversary Infrastructure Interaction,AWS_VPC_Flow,prod_webserver,2024-04-26 09:30:00+00:00,waf_rule,600.0,133.54666666666665,Normal
8928,5548,2024-04-26 09:30:00+00:00,2024-04-26 09:40:00+00:00,147.161.131.1,AT,HTTPS,200,443,10.138.69.97,Suspicious Web Traffic,Adversary Infrastructure Interaction,AWS_VPC_Flow,prod_webserver,2024-04-26 09:30:00+00:00,waf_rule,600.0,24.126666666666665,Normal
5348,4296,2024-04-26 09:40:00+00:00,2024-04-26 09:50:00+00:00,147.161.161.82,AE,HTTPS,200,443,10.138.69.97,Suspicious Web Traffic,Adversary Infrastructure Interaction,AWS_VPC_Flow,prod_webserver,2024-04-26 09:40:00+00:00,waf_rule,600.0,16.073333333333334,Normal
8052,13298,2024-04-26 09:40:00+00:00,2024-04-26 09:50:00+00:00,165.225.33.6,US,HTTPS,200,443,10.138.69.97,Suspicious Web Traffic,Adversary Infrastructure Interaction,AWS_VPC_Flow,prod_webserver,2024-04-26 09:40:00+00:00,waf_rule,600.0,35.583333333333336,Normal
38524,42218,2024-04-26 09:40:00+00:00,2024-04-26 09:50:00+00:00,136.226.67.101,US,HTTPS,200,443,10.138.69.97,Suspicious Web Traffic,Adversary Infrastructure Interaction,AWS_VPC_Flow,prod_webserver,2024-04-26 09:40:00+00:00,waf_rule,600.0,134.57,Normal
28400,13364,2024-04-26 09:40:00+00:00,2024-04-26 09:50:00+00:00,165.225.212.255,CA,HTTPS,200,443,10.138.69.97,Suspicious Web Traffic,Adversary Infrastructure Interaction,AWS_VPC_Flow,prod_webserver,2024-04-26 09:40:00+00:00,waf_rule,600.0,69.60666666666667,Normal
2021960,78684,2024-04-26 09:40:00+00:00,2024-04-26 09:50:00+00:00,165.225.240.79,NL,HTTPS,200,443,10.138.69.97,Suspicious Web Traffic,Adversary Infrastructure Interaction,AWS_VPC_Flow,prod_webserver,2024-04-26 09:40:00+00:00,waf_rule,600.0,3501.0733333333333,Normal
7382,4370,2024-04-26 09:40:00+00:00,2024-04-26 09:50:00+00:00,136.226.77.103,CA,HTTPS,200,443,10.138.69.97,Suspicious Web Traffic,Adversary Infrastructure Interaction,AWS_VPC_Flow,prod_webserver,2024-04-26 09:40:00+00:00,waf_rule,600.0,19.586666666666666,Normal
9232,23036,2024-04-26 09:40:00+00:00,2024-04-26 09:50:00+00:00,165.225.26.101,DE,HTTPS,200,443,10.138.69.97,Suspicious Web Traffic,Adversary Infrastructure Interaction,AWS_VPC_Flow,prod_webserver,2024-04-26 09:40:00+00:00,waf_rule,600.0,53.78,Normal
25199191,1557598,2024-04-26 09:40:00+00:00,2024-04-26 09:50:00+00:00,155.91.45.242,US,HTTPS,200,443,10.138.69.97,Suspicious Web Traffic,Adversary Infrastructure Interaction,AWS_VPC_Flow,prod_webserver,2024-04-26 09:40:00+00:00,waf_rule,600.0,44594.64833333333,Suspicious
6216,13027,2024-04-26 09:40:00+00:00,2024-04-26 09:50:00+00:00,165.225.209.4,CA,HTTPS,200,443,10.138.69.97,Suspicious Web Traffic,Adversary Infrastructure Interaction,AWS_VPC_Flow,prod_webserver,2024-04-26 09:40:00+00:00,waf_rule,600.0,32.071666666666665,Normal
3996,11674,2024-04-26 09:40:00+00:00,2024-04-26 09:50:00+00:00,147.161.131.1,AT,HTTPS,200,443,10.138.69.97,Suspicious Web Traffic,Adversary Infrastructure Interaction,AWS_VPC_Flow,prod_webserver,2024-04-26 09:40:00+00:00,waf_rule,600.0,26.116666666666667,Normal
4324,11778,2024-04-26 09:40:00+00:00,2024-04-26 09:50:00+00:00,136.226.80.97,US,HTTPS,200,443,10.138.69.97,Suspicious Web Traffic,Adversary Infrastructure Interaction,AWS_VPC_Flow,prod_webserver,2024-04-26 09:40:00+00:00,waf_rule,600.0,26.836666666666666,Normal
21752,22356,2024-04-26 09:50:00+00:00,2024-04-26 10:00:00+00:00,136.226.67.101,US,HTTPS,200,443,10.138.69.97,Suspicious Web Traffic,Adversary Infrastructure Interaction,AWS_VPC_Flow,prod_webserver,2024-04-26 09:50:00+00:00,waf_rule,600.0,73.51333333333334,Normal
28988,15340,2024-04-26 09:50:00+00:00,2024-04-26 10:00:00+00:00,165.225.213.7,CA,HTTPS,200,443,10.138.69.97,Suspicious Web Traffic,Adversary Infrastructure Interaction,AWS_VPC_Flow,prod_webserver,2024-04-26 09:50:00+00:00,waf_rule,600.0,73.88,Normal
30450,14276,2024-04-26 09:50:00+00:00,2024-04-26 10:00:00+00:00,136.226.64.114,US,HTTPS,200,443,10.138.69.97,Suspicious Web Traffic,Adversary Infrastructure Interaction,AWS_VPC_Flow,prod_webserver,2024-04-26 09:50:00+00:00,waf_rule,600.0,74.54333333333334,Normal
3976,11178,2024-04-26 09:50:00+00:00,2024-04-26 10:00:00+00:00,94.188.248.74,IL,HTTPS,200,443,10.138.69.97,Suspicious Web Traffic,Adversary Infrastructure Interaction,AWS_VPC_Flow,prod_webserver,2024-04-26 09:50:00+00:00,waf_rule,600.0,25.256666666666668,Normal
3782,11038,2024-04-26 09:50:00+00:00,2024-04-26 10:00:00+00:00,165.225.240.79,NL,HTTPS,200,443,10.138.69.97,Suspicious Web Traffic,Adversary Infrastructure Interaction,AWS_VPC_Flow,prod_webserver,2024-04-26 09:50:00+00:00,waf_rule,600.0,24.7,Normal
40,264,2024-04-26 09:50:00+00:00,2024-04-26 10:00:00+00:00,192.241.205.18,US,HTTPS,200,443,10.138.69.97,Suspicious Web Traffic,Adversary Infrastructure Interaction,AWS_VPC_Flow,prod_webserver,2024-04-26 09:50:00+00:00,waf_rule,600.0,0.5066666666666667,Normal
41336,13180,2024-04-26 09:50:00+00:00,2024-04-26 10:00:00+00:00,136.226.77.103,CA,HTTPS,200,443,10.138.69.97,Suspicious Web Traffic,Adversary Infrastructure Interaction,AWS_VPC_Flow,prod_webserver,2024-04-26 09:50:00+00:00,waf_rule,600.0,90.86,Normal
3638,3190,2024-04-26 09:50:00+00:00,2024-04-26 10:00:00+00:00,165.225.26.101,DE,HTTPS,200,443,10.138.69.97,Suspicious Web Traffic,Adversary Infrastructure Interaction,AWS_VPC_Flow,prod_webserver,2024-04-26 09:50:00+00:00,waf_rule,600.0,11.38,Normal
25207794,1561220,2024-04-26 09:50:00+00:00,2024-04-26 10:00:00+00:00,155.91.45.242,US,HTTPS,200,443,10.138.69.97,Suspicious Web Traffic,Adversary Infrastructure Interaction,AWS_VPC_Flow,prod_webserver,2024-04-26 09:50:00+00:00,waf_rule,600.0,44615.02333333333,Suspicious
5736,12114,2024-04-26 09:50:00+00:00,2024-04-26 10:00:00+00:00,165.225.209.4,CA,HTTPS,200,443,10.138.69.97,Suspicious Web Traffic,Adversary Infrastructure Interaction,AWS_VPC_Flow,prod_webserver,2024-04-26 09:50:00+00:00,waf_rule,600.0,29.75,Normal
9032,5862,2024-04-26 09:50:00+00:00,2024-04-26 10:00:00+00:00,147.161.131.1,AT,HTTPS,200,443,10.138.69.97,Suspicious Web Traffic,Adversary Infrastructure Interaction,AWS_VPC_Flow,prod_webserver,2024-04-26 09:50:00+00:00,waf_rule,600.0,24.823333333333334,Normal
